id,nombre,ama,gompertz,abrev,obs_ama,obs_gz
01,Aguascalientes,Aguascalientes,Aguascalientes,AGU,,
02,Baja California,Baja California,Baja California,BC,,
03,Baja California Sur,Baja California Sur,Baja California Sur,BCS,,
04,Campeche,Campeche,Campeche,CAM,,
07,Chiapas,Chiapas,Chiapas,CHP,,
08,Chihuahua,Chihuahua,Chihuahua,CHH,,
09,CDMX / Valle de México,Valle de México,Ciudad de México,CMX,Zona Metropolitana del Valle de México.,
05,Coahuila,Coahuila,Coahuila,COA,,
06,Colima,Colima,Colima,COL,,
10,Durango,Durango,Durango,DUR,,
15,Estado de México,Estado de México,Estado de México,MEX,Se consideran únicamente los municipios que no están incluidos en la Zona Metropolitana del Valle de México.,
11,Guanajuato,Guanajuato,Guanajuato,GUA,,
12,Guerrero,Guerrero,Guerrero,GRO,,
13,Hidalgo,Hidalgo,Hidalgo,HID,,
14,Jalisco,Jalisco,Jalisco,JAL,,
16,Michoacán,Michoacán,Michoacán,MIC,,
17,Morelos,Morelos,Morelos,MOR,,
18,Nayarit,Nayarit,Nayarit,NAY,,
19,Nuevo León,Nuevo León,Nuevo León,NLE,,
20,Oaxaca,Oaxaca,Oaxaca,OAX,,
21,Puebla,Puebla,Puebla,PUE,,
22,Querétaro,Querétaro,Querétaro,QUE,,
23,Quintana Roo,Quintana Roo,Quintana Roo,ROO,,
24,San Luis Potosí,San Luis Potosí,San Luis Potosí,SLP,,
25,Sinaloa,Sinaloa,Sinaloa,SIN,,
26,Sonora,Sonora,Sonora,SON,,
27,Tabasco,Tabasco,Tabasco,TAB,,
28,Tamaulipas,Tamaulipas,Tamaulipas,TAM,,
29,Tlaxcala,Tlaxcala,Tlaxcala,TLA,,
30,Veracruz,Veracruz,Veracruz,VER,,
31,Yucatán,Yucatán,Yucatán,YUC,,
32,Zacatecas,Zacatecas,Zacatecas,ZAC,,