orden,id,institucion,madre,nombre,descripcion,link
1,conacyt,CONACYT,Gobierno de México,Consejo Nacional de Ciencia y Tecnologí­a,"Es un organismo público descentralizado del Estado, que tiene por objeto  ser la entidad asesora del Ejecutivo Federal y especializada para articular las políticas públicas del gobierno federal y promover el desarrollo de la investigación científica, el desarrollo tecnológico y la innovación a fin de impulsar la modernización tecnológica del país.",https://www.conacyt.gob.mx/
2,cimat,CIMAT,CONACYT,Centro de Investigación en Matemáticas,El CIMAT es un Centro Público de Investigación Coordinado por CONACYT,https://www.cimat.mx/
2,centrogeo,Centro Geo,CONACYT,Centro de Investigación en Ciencias de Información Geoespacial,El Centro Geo es un Centro Público de Investigación Coordinado por el CONACYT,https://www.centrogeo.org.mx/
2,infotec,Infotec,CONACYT,INFOTEC Centro de Investigación e Innovación en TIC,Infotec es un Centro Público de Investigación Coordinado por el CONACYT,https://www.infotec.mx/
3,conabio,CONABIO,Gobierno de México,Comisión Nacional para el Conocimiento y Uso de la Biodiversidad,"Es una comisión intersecretarial permanente, que tiene la misión de promover, coordinar, apoyar y realizar actividades dirigidas al conocimiento de la diversidad biológica, así como a su conservación y uso sustentable para beneficio de la sociedad. ",https://www.gob.mx/conabio
4,im,Instituto de Matemáticas,UNAM,Instituto de Matemáticas,Instituto de Matemáticas de la UNAM,https://www.matem.unam.mx/
2,ssalud,Secretarí­a de Salud,Gobierno de México,Secretarí­a de Salud,Secretarí­a de Salud del Gobierno de México,https://www.gob.mx/salud
3,inegi,INEGI,Gobierno de México,Instituto Nacional de Estadística y Geografía,"Es un organismo público autónomo responsable de normar y coordinar el Sistema Nacional de Información Estadística y Geográfica, así como de captar y difundir información de México en cuanto al territorio, los recursos, la población y economía, que permita dar a conocer las características de nuestro país y ayudar a la toma de decisiones.",https://www.inegi.org.mx/
5,ucdavis,UC Davis,,The University of California Davis,,https://www.ucdavis.edu/