﻿orden,id,institucion,nombre,apellido_paterno,apellido_materno,rol,link,puesto,proyectos
1,meabr,conacyt,Marí­a Elena,Álvarez-Buylla,Roces,Coordinación General,1,Directora General del Consejo Nacional de Ciencia y Tecnologí­a,
1,pvr,conacyt,Paola,Villarreal,Rodriguez,CRIP,1,Coordinadora de Repositorios Investigación y Prospectiva del CONACYT,"regionalizacion,exploratorios,micrositio"
3,yca,conacyt,Yosune,Chamizo,Alberro,CRIP,1,Directora de Análisis de Datos y Sistemas de Información Geográfica,"tablero,exploratorios,micrositio"
3,agm,conacyt,Arturo,Garduño,Magaña,CRIP,1,Subdirector de Repositorios,"repositorio,exploratorios,micrositio"
4,nmo,conacyt,Norberto,Morales,Ortiz,CRIP,0,Subdirector de Procesamiento de Datos,repositorio
4,aer,conacyt,Alfredo,Estrada,Ramí­rez,CRIP,0,Subdirector de Sistemas de Información Geográfica,exploratorios
2,plr,centrogeo,Pablo,López,Ramí­rez,Análisis Geoestadí­sticos,1,Profesor Investigador,"tablero,regionalizacion,sigcovid,conglomerados,exploratorios,vulnerabilidad_pca_pls"
3,abp,conacyt,Andres,Barranco,Pérez,CRIP,1,Subdirector de Análisis de Datos,"regionalizacion,micrositio,exploratorios"
2,jacg,cimat,José Andrés,Christen,Gracia,Modelos Matemáticos,1,Investigador,ama
2,ack,im,Antonio,Capella,Kort,Modelos Matemáticos,1,Investigador,ama
2,ggf,cimat,Graciela Marí­a de los Dolores,González,Farí­as,Modelos Matemáticos,1,"Investigadora Titular ""C"", Directora de la Unidad de Monterrey","gompertz,compartimental,rt,exploratorios,vulnerabilidad_pca_pls,rt_movilidad"
2,maco,cimat,Marcos Aurelio,Capistrán,Ocampo,Modelos Matemáticos,1,"Investigador Titular ""B""",ama
2,mgg,infotec,Mario,Graff,Guerrero,Análisis de redes sociales y distanciamiento social,1,Catedrático CONACYT,"movilidad,exploratorios,rt_movilidad"
2,ogss,centrogeo,Oscar Gerardo,Sánchez,Siordia,Análisis Geoestadí­sticos,1,"Coordinador del CentroGeo y del Laboratorio Nacional de Geointeligencia (GeoInt), sedes Yucatán","tablero,regionalizacion,sigcovid,conglomerados,exploratorios,movilidad"
2,rsa,conabio,Raúl,Sierra,Alcocer,Índice de Vulnerabilidad,1,Coordinador de Ecoinformática,"vulnerabilidad,semaforo,exploratorios,vulnerabilidad_pca_pls"
4,alc,cimat,Andrés,Carreón,Lozano,Modelos Matemáticos,0,Técnico Académico,
4,bpj,infotec,Bet,Porcayo,Juárez,Desarrollo de repositorio,0,Lí­der de proyecto,repositorio
4,damo,centrogeo,Daniela Alejandra,Moctezuma,Ochoa,Análisis de redes sociales y distanciamiento social,0,Catedrática CONACYT,movilidad
4,dirg,cimat,Domingo Iván,Rodrí­guez,González,Colaboración en el análisis y visualización de datos,0,Técnico Académico Titular B,"compartimental,rt,tendencia"
2,eav,inegi,Elio Atenógenes,Villaseñor,Garcí­a,Análisis Geoestadí­sticos,1,Director del Laboratorio de Ciencia de Datos,"regionalizacion,exploratorios"
3,eta,infotec,Eric Sadit,Téllez,Avila,Análisis de redes sociales y distanciamiento social,0,Catedrático CONACYT,movilidad
4,jlc,infotec,Jonathan,Lemus,Cuevas,Desarrollo de repositorio,0,Desarrollador,repositorio
4,jagr,cimat,José Antonio,Garcí­a,Ramí­rez,Modelos Matemáticos,0,Técnico Académico,compartimental
4,jemf,infotec,José Eduardo,Moreno,Fernández,Coordinación de desarrolladores en Infotec,0,Director Adjunto de Administración de Proyectos,repositorio
4,jmgu,infotec,José Manuel,Gómez,Ulibarri,Desarrollo de repositorio,0,Desarrollador,repositorio
4,javg,infotec,Juan Antonio,Vega,Garfias,Coordinación de desarrolladores en Infotec,0,Subgerente de Innovación Gubernamental,repositorio
4,jlsv,cimat,Juan Luis,Salazar,Villanueva,"Ejecución y generación de reportes, revisión de bases de datos",0,Técnico Académico Titular C,tendencia
3,jev,cimat,Judith,Esquivel,Vázquez,Modelos Matemáticos,1,Gerente de Desarrollo de Software,"ama,tendencia,exploratorios"
4,jah,infotec,Julieta,Alcibar,Hermosillo,Depósito de recursos de información,0,Coordinadora de Biblioteca,repositorio
3,lrr,cimat,Leticia,Ramí­rez,Ramí­rez,Modelos Matemáticos e índice de Vulnerabilidad,1,"Investigador Titular ""A""","compartimental,vulnerabilidad"
3,omgv,cimat,Oscar Miguel,González,Vázquez,"Ejecución y generación de reportes, revisión de bases de datos",0,Técnico Académico,ama
3,rpa,cimat,Rafael,Pérez,Abreu,Modelos Matemáticos,0,Técnico Académico,
3,rhv,infotec,Roberto,Huergo,Villalobos,Coordinación de desarrolladores en Infotec,0,Lí­der de proyecto,repositorio
3,rrq,cimat,Rogelio,Ramos,Quiroga,Modelos Matemáticos,0,"Investigador Titular ""A""",gompertz
4,smj,infotec,Sabino,Miranda,Jiménez,Análisis de redes sociales y distanciamiento social,0,Catedrático CONACYT,movilidad
4,tas,infotec,Temují­n,Alvarado,Sosa,Depósito de recursos de información,0,Auxiliar de Biblioteca,repositorio
3,kgz,centrogeo,Karime,González,Zuccolotto,Análisis Geoestadí­sticos,1,Investigadora,"conglomerados,sigcovid"
3,jmsm,centrogeo,José Miguel,Salazar,Montiel,Análisis Geoestadí­sticos,0,Investigador,conglomerados
4,jpa,cimat,Joaquí­n,Peña,Acevedo,Modelos Matemáticos,1,"Técnico Académico ""C""",tendencia
4,zll,conacyt,Zaira,Lagunas,Ledesma,CRIP,0,Coordinadora de Proyectos,repositorio
4,pps,conacyt,Paulina,Pradel,Soto,CRIP,0,Desarrolladora,micrositio
4,mamg,conacyt,Miguel íngel,Martí­nez,González,CRIP,0,Desarrollador,micrositio
4,nnv,conacyt,Nadia,Neri,Vera,CRIP,0,"Coordinadora de especialistas ",micrositio
4,rap,conacyt,Rocí­o,Arias,Puga,CRIP,0,Subdirectora de Visualización de Datos,micrositio
3,jumu,cimat,José Ulises,Márquez,Urbina,Modelos Matemáticos,0,Catedrático CONACYT,"rt,rt_movilidad"
3,oirv,cimat,Octavio Israel,"Rentería ",Vidales ,Revisión de bases de datos,0,Técnico Académico,tendencia
3,isb,cimat,Ivete,Sánchez,Bravo,Coordinación y Modelos Matemáticos,1,Coordinadora de Servicios Tecnológicos,tendencia
4,jlup,centrogeo,José Luis,Uc,Pérez,Programador SIGCOVID,0,Programador,sigcovid
4,sage,centrogeo,Sergio Adrián,Góngora,Euan,Programador SIGCOVID,0,Programador,sigcovid
4,erhp,centrogeo,Emmanuel René,Huchim,Puc,Programador SIGCOVID,0,Programador,sigcovid
4,idsm,centrogeo,Irving David,Sánchez,Machay,Programador SIGCOVID,0,Programador,sigcovid
4,umr,centrogeo,Ulises,Morales,Ramí­rez,Programador SIGCOVID,0,Programador,sigcovid
4,glfe,centrogeo,Gema Liliana,Ferrera,Euán,Programadora SIGCOVID,0,Programadora,sigcovid
2,mldt,ucdavis,Maria Luisa,Daza,Torres,Modelos Matemáticos,1,Investigadora,ama