id,nombre,abrev
11029,San Diego de la Unión,San Dieg...
11030,San Felipe,San Feli...
11031,San Francisco del Rincón,San Fran...
11032,San José Iturbide,San José...
05027,Ramos Arizpe,Ramos Ar...
13054,San Salvador,San Salv...
13055,Santiago de Anaya,Santiago...
13056,Santiago Tulantepec de Lugo Guerrero,Santiago...
07025,Chapultenango,Chapulte...
14096,Tizapán el Alto,Tizapán ...
07059,Ocosingo,Ocosingo...
30115,Nogales,Nogales...
07061,Ocozocoautla de Espinosa,Ocozocoa...
07062,Ostuacán,Ostuacán...
30118,Orizaba,Orizaba...
30119,Otatitlán,Otatitlá...
07092,Tecpatán,Tecpatán...
08020,Chínipas,Chínipas...
08021,Delicias,Delicias...
08022,Dr. Belisario Domínguez,Dr. Beli...
08023,Galeana,Galeana...
08024,Santa Isabel,Santa Is...
08025,Gómez Farías,Gómez Fa...
08026,Gran Morelos,Gran Mor...
08058,San Francisco de Conchos,San Fran...
08059,San Francisco del Oro,San Fran...
08061,Satevó,Satevó...
08062,Saucillo,Saucillo...
08063,Temósachic,Temósach...
08064,El Tule,El Tule...
08065,Urique,Urique...
08066,Uruachi,Uruachi...
08067,Valle de Zaragoza,Valle de...
10035,Tepehuanes,Tepehuan...
15102,Timilpan,Timilpan...
15023,Coyotepec,Coyotepe...
15025,Chalco,Chalco...
15028,Chiautla,Chiautla...
15029,Chicoloapan,Chicoloa...
15124,San José del Rincón,San José...
20093,San Andrés Lagunas,San Andr...
15054,Metepec,Metepec...
15099,Texcoco,Texcoco...
17024,Tlaltizapán de Zapata,Tlaltiza...
17025,Tlaquiltenango,Tlaquilt...
19009,Cadereyta Jiménez,Cadereyt...
19025,General Zuazua,General ...
19026,Guadalupe,Guadalup...
19027,Los Herreras,Los Herr...
19028,Higueras,Higueras...
19011,Cerralvo,Cerralvo...
19012,Ciénega de Flores,Ciénega ...
20015,Coatecas Altas,Coatecas...
20016,Coicoyán de las Flores,Coicoyán...
19031,Juárez,Juárez...
19032,Lampazos de Naranjo,Lampazos...
19033,Linares,Linares...
19034,Marín,Marín...
20021,Cosolapa,Cosolapa...
20028,Heroica Ciudad de Ejutla de Crespo,Heroica ...
19037,Mina,Mina...
19038,Montemorelos,Montemor...
19039,Monterrey,Monterre...
19040,Parás,Parás...
19041,Pesquería,Pesquerí...
19048,Santa Catarina,Santa Ca...
19049,Santiago,Santiago...
19050,Vallecillo,Vallecil...
20002,Acatlán de Pérez Figueroa,Acatlán ...
20005,Asunción Ixtaltepec,Asunción...
20006,Asunción Nochixtlán,Asunción...
20008,Asunción Tlacolulita,Asunción...
20009,Ayotzintepec,Ayotzint...
20010,El Barrio de la Soledad,El Barri...
20012,Candelaria Loxicha,Candelar...
20031,Tamazulápam del Espíritu Santo,Tamazulá...
20018,Concepción Buenavista,Concepci...
20023,Cuilápam de Guerrero,Cuilápam...
20051,Magdalena Teitipac,Magdalen...
20052,Magdalena Tequisistlán,Magdalen...
20036,Guevea de Humboldt,Guevea d...
20039,Heroica Ciudad de Huajuapan de León,Heroica ...
20041,Huautla de Jiménez,Huautla ...
20044,Loma Bonita,Loma Bon...
20054,Magdalena Zahuatlán,Magdalen...
20055,Mariscala de Juárez,Mariscal...
20172,San Juan Achiutla,San Juan...
20064,Nejapa de Madero,Nejapa d...
20066,Santiago Niltepec,Santiago...
20067,Oaxaca de Juárez,Oaxaca d...
20068,Ocotlán de Morelos,Ocotlán ...
20071,Pluma Hidalgo,Pluma Hi...
20073,Putla Villa de Guerrero,Putla Vi...
20085,San Agustín Loxicha,San Agus...
20088,San Andrés Cabecera Nueva,San Andr...
20101,San Andrés Zabache,San Andr...
21143,San Salvador el Verde,San Salv...
21134,San Matías Tlalancaleca,San Matí...
21145,San Sebastián Tlacotepec,San Seba...
21152,Soltepec,Soltepec...
21153,Tecali de Herrera,Tecali d...
21154,Tecamachalco,Tecamach...
21155,Tecomatlán,Tecomatl...
21156,Tehuacán,Tehuacán...
20106,San Antonio Acutla,San Anto...
20104,San Antonino el Alto,San Anto...
20113,San Baltazar Loxicha,San Balt...
20118,San Bartolomé Quialana,San Bart...
20184,San Juan Bautista Tuxtepec,San Juan...
20185,San Juan Cacahuatepec,San Juan...
20186,San Juan Cieneguilla,San Juan...
20120,San Bartolomé Zoogocho,San Bart...
20121,San Bartolo Soyaltepec,San Bart...
20124,San Blas Atempa,San Blas...
20125,San Carlos Yautepec,San Carl...
20130,San Dionisio del Mar,San Dion...
20133,San Esteban Atatlahuca,San Este...
20134,San Felipe Jalapa de Díaz,San Feli...
20138,San Francisco Cajonos,San Fran...
20143,San Francisco Ixhuatán,San Fran...
20141,San Francisco del Mar,San Fran...
20144,San Francisco Jaltepetongo,San Fran...
20371,Santa Catarina Ticuá,Santa Ca...
20377,Santa Cruz Itundujia,Santa Cr...
20152,San Francisco Tlapancingo,San Fran...
20153,San Gabriel Mixtepec,San Gabr...
20154,San Ildefonso Amatlán,San Ilde...
20155,San Ildefonso Sola,San Ilde...
20156,San Ildefonso Villa Alta,San Ilde...
20147,San Francisco Nuxaño,San Fran...
20149,San Francisco Sola,San Fran...
20150,San Francisco Telixtlahuaca,San Fran...
20161,San Jerónimo Sosola,San Jeró...
20159,San Jerónimo Coatlán,San Jeró...
20163,San Jerónimo Tecóatl,San Jeró...
20164,San Jorge Nuchita,San Jorg...
20166,San José Chiltepec,San José...
20168,San José Estancia Grande,San José...
20169,San José Independencia,San José...
20170,San José Lachiguiri,San José...
20175,San Juan Bautista Atatlahuca,San Juan...
20177,San Juan Bautista Cuicatlán,San Juan...
20190,San Juan Cotzocón,San Juan...
20207,San Juan Mazatlán,San Juan...
20202,San Juan Lachao,San Juan...
20211,San Juan Ozolotepec,San Juan...
20212,San Juan Petlapa,San Juan...
20213,San Juan Quiahije,San Juan...
20214,San Juan Quiotepec,San Juan...
20217,San Juan Tamazola,San Juan...
20220,San Juan Tepeuxila,San Juan...
20481,Santiago Nuyoó,Santiago...
20482,Santiago Pinotepa Nacional,Santiago...
20227,San Lorenzo Cacaotepec,San Lore...
20229,San Lorenzo Texmelúcan,San Lore...
20230,San Lorenzo Victoria,San Lore...
20235,San Luis Amatlán,San Luis...
20236,San Marcial Ozolotepec,San Marc...
20237,San Marcos Arteaga,San Marc...
20265,San Miguel Chimalapa,San Migu...
20266,San Miguel del Puerto,San Migu...
20277,Villa Sola de Vega,Villa So...
20278,San Miguel Soyaltepec,San Migu...
20279,San Miguel Suchixtepec,San Migu...
20253,San Mateo Piñas,San Mate...
20378,Santa Cruz Mixtepec,Santa Cr...
20385,Santa Cruz Xoxocotlán,Santa Cr...
20256,San Mateo Tlapiltepec,San Mate...
20498,Santiago Yaveo,Santiago...
20271,San Miguel Mixtepec,San Migu...
20272,San Miguel Panixtlahuaca,San Migu...
20273,San Miguel Peras,San Migu...
20275,San Miguel Quetzaltepec,San Migu...
20291,San Pablo Coatlán,San Pabl...
20293,San Pablo Etla,San Pabl...
20298,San Pablo Villa de Mitla,San Pabl...
20306,San Pedro el Alto,San Pedr...
20324,San Pedro Pochutla,San Pedr...
20309,San Pedro Ixcatlán,San Pedr...
20310,San Pedro Ixtlahuaca,San Pedr...
20318,San Pedro Mixtepec,San Pedr...
20334,Villa de Tututepec,Villa de...
20327,San Pedro Tapanatepec,San Pedr...
20329,San Pedro Teozacoalco,San Pedr...
20337,San Pedro y San Pablo Ayutla,San Pedr...
20338,Villa de Etla,Villa de...
20340,San Pedro y San Pablo Tequixtepec,San Pedr...
20344,San Sebastián Coatlán,San Seba...
20359,Santa Ana Yareni,Santa An...
20351,San Simón Almolongas,San Simó...
20364,Santa Catarina Juquila,Santa Ca...
20365,Santa Catarina Lachatao,Santa Ca...
21031,Coatzingo,Coatzing...
21039,Cuautempan,Cuautemp...
21081,Ixcamilpa de Guerrero,Ixcamilp...
20386,Santa Cruz Zenzontepec,Santa Cr...
21157,Tehuitzingo,Tehuitzi...
21158,Tenampulco,Tenampul...
21159,Teopantlán,Teopantl...
21160,Teotlalco,Teotlalc...
21161,Tepanco de López,Tepanco ...
21162,Tepango de Rodríguez,Tepango ...
21163,Tepatlaxco de Hidalgo,Tepatlax...
21164,Tepeaca,Tepeaca...
21165,Tepemaxalco,Tepemaxa...
21166,Tepeojuma,Tepeojum...
21167,Tepetzintla,Tepetzin...
21168,Tepexco,Tepexco...
21169,Tepexi de Rodríguez,Tepexi d...
20419,Santa María Jaltianguis,Santa Ma...
20389,Santa Inés Yatzeche,Santa In...
20424,Santa María Ozolotepec,Santa Ma...
20394,Santa María Alotepec,Santa Ma...
20397,Heroica Ciudad de Tlaxiaco,Heroica ...
20398,Ayoquezco de Aldama,Ayoquezc...
20399,Santa María Atzompa,Santa Ma...
20401,Santa María Colotepec,Santa Ma...
20404,Santa María Chachoápam,Santa Ma...
20437,Santa María Tlahuitoltepec,Santa Ma...
20406,Santa María Chilchotla,Santa Ma...
20407,Santa María Chimalapa,Santa Ma...
20410,Santa María Ecatepec,Santa Ma...
20417,Santa María Jacatepec,Santa Ma...
20422,Santa María Nativitas,Santa Ma...
20426,Santa María Peñoles,Santa Ma...
20427,Santa María Petapa,Santa Ma...
20428,Santa María Quiegolani,Santa Ma...
20439,Santa María Tonameca,Santa Ma...
20441,Santa María Xadani,Santa Ma...
20457,Santiago Camotlán,Santiago...
21082,Ixcaquixtla,Ixcaquix...
21083,Ixtacamaxtitlán,Ixtacama...
21084,Ixtepec,Ixtepec...
21085,Izúcar de Matamoros,Izúcar d...
21092,Juan N. Méndez,Juan N. ...
21093,Lafragua,Lafragua...
26049,Quiriego,Quiriego...
21119,San Andrés Cholula,San Andr...
21120,San Antonio Cañada,San Anto...
21121,San Diego la Mesa Tochimiltzingo,San Dieg...
21126,San Jerónimo Tecuanipan,San Jeró...
21127,San Jerónimo Xayacatlán,San Jeró...
21128,San José Chiapa,San José...
21129,San José Miahuatlán,San José...
21130,San Juan Atenco,San Juan...
21131,San Juan Atzompa,San Juan...
21132,San Martín Texmelucan,San Mart...
26006,Arizpe,Arizpe...
21027,Caltepec,Caltepec...
21072,Huehuetla,Huehuetl...
21073,Huehuetlán el Chico,Huehuetl...
21074,Huejotzingo,Huejotzi...
21075,Hueyapan,Hueyapan...
21076,Hueytamalco,Hueytama...
21077,Hueytlalpan,Hueytlal...
21078,Huitzilan de Serdán,Huitzila...
21079,Huitziltepec,Huitzilt...
21029,Caxhuacan,Caxhuaca...
20233,San Lucas Quiaviní,San Luca...
20450,Santiago Amoltepec,Santiago...
20511,Santo Domingo Nuxaá,Santo Do...
20459,Santiago Chazumba,Santiago...
20460,Santiago Choápam,Santiago...
20515,Santo Domingo Tehuantepec,Santo Do...
20516,Santo Domingo Teojomulco,Santo Do...
20517,Santo Domingo Tepuxtepec,Santo Do...
20466,Santiago Ixtayutla,Santiago...
20467,Santiago Jamiltepec,Santiago...
20477,Santiago Minas,Santiago...
20479,Santiago Nejapilla,Santiago...
20484,Santiago Tamazola,Santiago...
20485,Santiago Tapextla,Santiago...
20491,Santiago Textitlán,Santiago...
20492,Santiago Tilantongo,Santiago...
20495,Santiago Xanica,Santiago...
20500,Santiago Yosondúa,Santiago...
20513,Santo Domingo Petapa,Santo Do...
20525,Santo Domingo Zanatepec,Santo Do...
20526,Santos Reyes Nopala,Santos R...
20534,San Vicente Coatlán,San Vice...
20537,Silacayoápam,Silacayo...
20543,Tataltepec de Valdés,Tataltep...
20548,Tepelmeme Villa de Morelos,Tepelmem...
20549,"Heroica Villa Tezoatlán de Segura y Luna, Cuna de la Independencia de Oaxaca",Heroica ...
26040,Nácori Chico,Nácori C...
20559,San Juan Bautista Valle Nacional,San Juan...
20565,Villa de Zaachila,Villa de...
20566,San Mateo Yucutindoo,San Mate...
20570,Zimatlán de Álvarez,Zimatlán...
21001,Acajete,Acajete...
21002,Acateno,Acateno...
21003,Acatlán,Acatlán...
21004,Acatzingo,Acatzing...
21005,Acteopan,Acteopan...
21006,Ahuacatlán,Ahuacatl...
21007,Ahuatlán,Ahuatlán...
21008,Ahuazotepec,Ahuazote...
21058,Chilchotla,Chilchot...
21022,Atzitzihuacán,Atzitzih...
21023,Atzitzintla,Atzitzin...
21024,Axutla,Axutla...
21025,Ayotoxco de Guerrero,Ayotoxco...
21026,Calpan,Calpan...
21170,Tepeyahualco,Tepeyahu...
21172,Tetela de Ocampo,Tetela d...
21173,Teteles de Avila Castillo,Teteles ...
21174,Teziutlán,Teziutlá...
21175,Tianguismanalco,Tianguis...
21176,Tilapa,Tilapa...
21183,Tlaola,Tlaola...
23007,Lázaro Cárdenas,Lázaro C...
23008,Solidaridad,Solidari...
23009,Tulum,Tulum...
23010,Bacalar,Bacalar...
24001,Ahualulco,Ahualulc...
24002,Alaquines,Alaquine...
24003,Aquismón,Aquismón...
24004,Armadillo de los Infante,Armadill...
26064,Trincheras,Trincher...
24008,Cerritos,Cerritos...
24009,Cerro de San Pedro,Cerro de...
24010,Ciudad del Maíz,Ciudad d...
24011,Ciudad Fernández,Ciudad F...
24012,Tancanhuitz,Tancanhu...
24013,Ciudad Valles,Ciudad V...
24014,Coxcatlán,Coxcatlá...
24015,Charcas,Charcas...
24016,Ebano,Ebano...
24017,Guadalcázar,Guadalcá...
24046,Villa de Arriaga,Villa de...
24047,Villa de Guadalupe,Villa de...
24051,Villa Hidalgo,Villa Hi...
24052,Villa Juárez,Villa Ju...
24053,Axtla de Terrazas,Axtla de...
24054,Xilitla,Xilitla...
24057,Matlapa,Matlapa...
25001,Ahome,Ahome...
25002,Angostura,Angostur...
25003,Badiraguato,Badiragu...
25004,Concordia,Concordi...
25005,Cosalá,Cosalá...
26008,Bacadéhuachi,Bacadéhu...
26012,Bácum,Bácum...
26013,Banámichi,Banámich...
26015,Bavispe,Bavispe...
26016,Benjamín Hill,Benjamín...
26024,Divisaderos,Divisade...
26025,Empalme,Empalme...
26026,Etchojoa,Etchojoa...
26022,Cucurpe,Cucurpe...
26029,Guaymas,Guaymas...
26030,Hermosillo,Hermosil...
26033,Huatabampo,Huatabam...
26036,Magdalena,Magdalen...
26045,Opodepe,Opodepe...
26051,Rosario,Rosario...
26052,Sahuaripa,Sahuarip...
26055,San Luis Río Colorado,San Luis...
26058,Santa Ana,Santa An...
26069,Yécora,Yécora...
28027,Nuevo Laredo,Nuevo La...
28037,Soto la Marina,Soto la ...
28038,Tampico,Tampico...
28039,Tula,Tula...
29016,Ixtenco,Ixtenco...
29017,Mazatecochco de José María Morelos,Mazateco...
29018,Contla de Juan Cuamatzi,Contla d...
26071,Benito Juárez,Benito J...
26072,San Ignacio Río Muerto,San Igna...
27001,Balancán,Balancán...
27002,Cárdenas,Cárdenas...
27003,Centla,Centla...
27004,Centro,Centro...
27005,Comalcalco,Comalcal...
28005,Burgos,Burgos...
28007,Camargo,Camargo...
28008,Casas,Casas...
28010,Cruillas,Cruillas...
28011,Gómez Farías,Gómez Fa...
28012,González,González...
28013,Güémez,Güémez...
28014,Guerrero,Guerrero...
28015,Gustavo Díaz Ordaz,Gustavo ...
28016,Hidalgo,Hidalgo...
29046,Emiliano Zapata,Emiliano...
29047,Lázaro Cárdenas,Lázaro C...
29048,La Magdalena Tlaltelulco,La Magda...
28030,Padilla,Padilla...
28032,Reynosa,Reynosa...
28033,Río Bravo,Río Brav...
28034,San Carlos,San Carl...
28035,San Fernando,San Fern...
28042,Villagrán,Villagrá...
29020,Sanctórum de Lázaro Cárdenas,Sanctóru...
29021,Nanacamilpa de Mariano Arista,Nanacami...
29022,Acuamanala de Miguel Hidalgo,Acuamana...
29023,Natívitas,Natívita...
29024,Panotla,Panotla...
29025,San Pablo del Monte,San Pabl...
29026,Santa Cruz Tlaxcala,Santa Cr...
29028,Teolocholco,Teolocho...
29029,Tepeyanco,Tepeyanc...
29030,Terrenate,Terrenat...
29031,Tetla de la Solidaridad,Tetla de...
29036,Totolac,Totolac...
29037,Ziltlaltépec de Trinidad Sánchez Santos,Ziltlalt...
29038,Tzompantepec,Tzompant...
29039,Xaloztoc,Xaloztoc...
29040,Xaltocan,Xaltocan...
29041,Papalotla de Xicohténcatl,Papalotl...
29043,Yauhquemehcan,Yauhquem...
29044,Zacatelco,Zacatelc...
31017,Chankom,Chankom...
29050,San Francisco Tetlanohcan,San Fran...
29052,San José Teacalco,San José...
20215,San Juan Sayultepec,San Juan...
30019,Astacinga,Astacing...
30020,Atlahuilco,Atlahuil...
30021,Atoyac,Atoyac...
30022,Atzacan,Atzacan...
30023,Atzalan,Atzalan...
30024,Tlaltetela,Tlaltete...
30025,Ayahualulco,Ayahualu...
30026,Banderilla,Banderil...
30027,Benito Juárez,Benito J...
30028,Boca del Río,Boca del...
30029,Calcahualco,Calcahua...
30042,Colipa,Colipa...
30043,Comapa,Comapa...
30044,Córdoba,Córdoba...
30045,Cosamaloapan de Carpio,Cosamalo...
30046,Cosautlán de Carvajal,Cosautlá...
30047,Coscomatepec,Coscomat...
30048,Cosoleacaque,Cosoleac...
30049,Cotaxtla,Cotaxtla...
30050,Coxquihui,Coxquihu...
30051,Coyutla,Coyutla...
30052,Cuichapa,Cuichapa...
30053,Cuitláhuac,Cuitláhu...
30054,Chacaltianguis,Chacalti...
30055,Chalma,Chalma...
30056,Chiconamel,Chiconam...
30057,Chiconquiaco,Chiconqu...
30058,Chicontepec,Chiconte...
30059,Chinameca,Chinamec...
30060,Chinampa de Gorostiza,Chinampa...
30061,Las Choapas,Las Choa...
30062,Chocamán,Chocamán...
30063,Chontla,Chontla...
30065,Emiliano Zapata,Emiliano...
30066,Espinal,Espinal...
30067,Filomeno Mata,Filomeno...
30068,Fortín,Fortín...
30069,Gutiérrez Zamora,Gutiérre...
30070,Hidalgotitlán,Hidalgot...
30071,Huatusco,Huatusco...
30072,Huayacocotla,Huayacoc...
30073,Hueyapan de Ocampo,Hueyapan...
26031,Huachinera,Huachine...
29060,Santa Isabel Xiloxoxtla,Santa Is...
30010,Altotonga,Altotong...
30137,Los Reyes,Los Reye...
30139,Saltabarranca,Saltabar...
30164,Teocelo,Teocelo...
30165,Tepatlaxco,Tepatlax...
30186,Tomatlán,Tomatlán...
30187,Tonayán,Tonayán...
30188,Totutla,Totutla...
30189,Tuxpan,Tuxpan...
30191,Ursulo Galván,Ursulo G...
30200,Zentla,Zentla...
30201,Zongolica,Zongolic...
30202,Zontecomatlán de López y Fuentes,Zontecom...
30203,Zozocolco de Hidalgo,Zozocolc...
30204,Agua Dulce,Agua Dul...
30205,El Higo,El Higo...
30207,Tres Valles,Tres Val...
31059,Progreso,Progreso...
30208,Carlos A. Carrillo,Carlos A...
30209,Tatahuicapan de Juárez,Tatahuic...
30210,Uxpanapa,Uxpanapa...
30211,San Rafael,San Rafa...
30212,Santiago Sochiapan,Santiago...
31002,Acanceh,Acanceh...
31006,Buctzotz,Buctzotz...
31050,Mérida,Mérida...
31008,Calotmul,Calotmul...
32030,Momax,Momax...
32031,Monte Escobedo,Monte Es...
32032,Morelos,Morelos...
31067,Seyé,Seyé...
15009,Amecameca,Amecamec...
15010,Apaxco,Apaxco...
15011,Atenco,Atenco...
31079,Tekax,Tekax...
12002,Ahuacuotzingo,Ahuacuot...
31081,Tekom,Tekom...
12064,Tlalchapa,Tlalchap...
31084,Temax,Temax...
31085,Temozón,Temozón...
30093,Jilotepec,Jilotepe...
20047,Santa Magdalena Jicotlán,Santa Ma...
31011,Celestún,Celestún...
31014,Cuncunul,Cuncunul...
20053,Magdalena Tlacotepec,Magdalen...
31021,Chichimilá,Chichimi...
31056,Oxkutzcab,Oxkutzca...
31057,Panabá,Panabá...
31058,Peto,Peto...
31028,Dzilam de Bravo,Dzilam d...
31029,Dzilam González,Dzilam G...
31030,Dzitás,Dzitás...
31032,Espita,Espita...
31034,Hocabá,Hocabá...
31036,Homún,Homún...
31038,Hunucmá,Hunucmá...
31040,Izamal,Izamal...
31041,Kanasín,Kanasín...
31047,Maní,Maní...
31048,Maxcanú,Maxcanú...
31052,Motul,Motul...
31103,Xocchel,Xocchel...
31104,Yaxcabá,Yaxcabá...
31061,Río Lagartos,Río Laga...
31062,Sacalum,Sacalum...
32016,General Pánfilo Natera,General ...
32017,Guadalupe,Guadalup...
32018,Huanusco,Huanusco...
32019,Jalpa,Jalpa...
32020,Jerez,Jerez...
32021,Jiménez del Teul,Jiménez ...
32022,Juan Aldama,Juan Ald...
32023,Juchipila,Juchipil...
32024,Loreto,Loreto...
32025,Luis Moya,Luis Moy...
32026,Mazapil,Mazapil...
32027,Melchor Ocampo,Melchor ...
32028,Mezquital del Oro,Mezquita...
32029,Miguel Auza,Miguel A...
05001,Abasolo,Abasolo...
31069,Sotuta,Sotuta...
31071,Sudzal,Sudzal...
01001,Aguascalientes,Aguascal...
01002,Asientos,Asientos...
01003,Calvillo,Calvillo...
01004,Cosío,Cosío...
01005,Jesús María,Jesús Ma...
01006,Pabellón de Arteaga,Pabellón...
01007,Rincón de Romos,Rincón d...
01008,San José de Gracia,San José...
01009,Tepezalá,Tepezalá...
01010,El Llano,El Llano...
01011,San Francisco de los Romo,San Fran...
02001,Ensenada,Ensenada...
02002,Mexicali,Mexicali...
05003,Allende,Allende...
05004,Arteaga,Arteaga...
05005,Candela,Candela...
30095,Juchique de Ferrer,Juchique...
12008,Atenango del Río,Atenango...
12009,Atlamajalcingo del Monte,Atlamaja...
12010,Atlixtac,Atlixtac...
12011,Atoyac de Álvarez,Atoyac d...
12012,Ayutla de los Libres,Ayutla d...
12013,Azoyú,Azoyú...
12014,Benito Juárez,Benito J...
12015,Buenavista de Cuéllar,Buenavis...
12016,Coahuayutla de José María Izazaga,Coahuayu...
12017,Cocula,Cocula...
12018,Copala,Copala...
12019,Copalillo,Copalill...
12020,Copanatoyac,Copanato...
12021,Coyuca de Benítez,Coyuca d...
12022,Coyuca de Catalán,Coyuca d...
12023,Cuajinicuilapa,Cuajinic...
15008,Amatepec,Amatepec...
30094,Juan Rodríguez Clara,Juan Rod...
13033,Juárez Hidalgo,Juárez H...
02003,Tecate,Tecate...
02004,Tijuana,Tijuana...
02005,Playas de Rosarito,Playas d...
03001,Comondú,Comondú...
03002,Mulegé,Mulegé...
03003,La Paz,La Paz...
03008,Los Cabos,Los Cabo...
03009,Loreto,Loreto...
04001,Calkiní,Calkiní...
04002,Campeche,Campeche...
04003,Carmen,Carmen...
04004,Champotón,Champotó...
04005,Hecelchakán,Hecelcha...
20205,San Juan Lalana,San Juan...
12003,Ajuchitlán del Progreso,Ajuchitl...
12063,Tlacoapa,Tlacoapa...
13031,Jacala de Ledezma,Jacala d...
13032,Jaltocán,Jaltocán...
07052,Las Margaritas,Las Marg...
14003,Ahualulco de Mercado,Ahualulc...
14004,Amacueca,Amacueca...
14029,Cuquío,Cuquío...
14030,Chapala,Chapala...
14031,Chimaltitán,Chimalti...
14032,Chiquilistlán,Chiquili...
07070,El Porvenir,El Porve...
13053,San Bartolo Tutotepec,San Bart...
07071,Villa Comaltitlán,Villa Co...
07072,Pueblo Nuevo Solistahuacán,Pueblo N...
31089,Ticul,Ticul...
31090,Timucuy,Timucuy...
31091,Tinum,Tinum...
31092,Tixcacalcupul,Tixcacal...
31093,Tixkokob,Tixkokob...
14002,Acatlán de Juárez,Acatlán ...
30172,Texistepec,Texistep...
07043,Ixtacomitán,Ixtacomi...
30196,Yanga,Yanga...
30197,Yecuatla,Yecuatla...
31096,Tizimín,Tizimín...
16095,Tocumbo,Tocumbo...
11023,Pénjamo,Pénjamo...
11024,Pueblo Nuevo,Pueblo N...
31098,Tzucacab,Tzucacab...
31099,Uayma,Uayma...
16096,Tumbiscatío,Tumbisca...
14046,Jalostotitlán,Jalostot...
16097,Turicato,Turicato...
32001,Apozol,Apozol...
32002,Apulco,Apulco...
32003,Atolinga,Atolinga...
14077,San Martín Hidalgo,San Mart...
17001,Amacuzac,Amacuzac...
17002,Atlatlahucan,Atlatlah...
32042,Sombrerete,Sombrere...
32043,Susticacán,Susticac...
32044,Tabasco,Tabasco...
32045,Tepechitlán,Tepechit...
32046,Tepetongo,Tepetong...
32047,Teúl de González Ortega,Teúl de ...
32048,Tlaltenango de Sánchez Román,Tlaltena...
32049,Valparaíso,Valparaí...
32050,Vetagrande,Vetagran...
32051,Villa de Cos,Villa de...
32052,Villa García,Villa Ga...
32053,Villa González Ortega,Villa Go...
32054,Villa Hidalgo,Villa Hi...
32055,Villanueva,Villanue...
32056,Zacatecas,Zacateca...
04006,Hopelchén,Hopelché...
04007,Palizada,Palizada...
04008,Tenabo,Tenabo...
04009,Escárcega,Escárceg...
05002,Acuña,Acuña...
11025,Purísima del Rincón,Purísima...
11026,Romita,Romita...
11027,Salamanca,Salamanc...
11028,Salvatierra,Salvatie...
30114,Nautla,Nautla...
12007,Arcelia,Arcelia...
30015,Angel R. Cabada,Angel R....
30016,La Antigua,La Antig...
30087,Xalapa,Xalapa...
30088,Jalcomulco,Jalcomul...
30089,Jáltipan,Jáltipan...
30090,Jamapa,Jamapa...
30091,Jesús Carranza,Jesús Ca...
30092,Xico,Xico...
13048,Pachuca de Soto,Pachuca ...
13049,Pisaflores,Pisaflor...
13050,Progreso de Obregón,Progreso...
13051,Mineral de la Reforma,Mineral ...
13052,San Agustín Tlaxiaca,San Agus...
14027,Cuautitlán de García Barragán,Cuautitl...
14028,Cuautla,Cuautla...
04010,Calakmul,Calakmul...
04011,Candelaria,Candelar...
30017,Apazapan,Apazapan...
12005,Alpoyeca,Alpoyeca...
12006,Apaxtla,Apaxtla...
05006,Castaños,Castaños...
11033,San Luis de la Paz,San Luis...
30182,Tlalnelhuayocan,Tlalnelh...
15070,La Paz,La Paz...
15071,Polotitlán,Polotitl...
15072,Rayón,Rayón...
15073,San Antonio la Isla,San Anto...
15074,San Felipe del Progreso,San Feli...
15075,San Martín de las Pirámides,San Mart...
20197,San Juan Guelavía,San Juan...
20198,San Juan Guichicovi,San Juan...
11045,Xichú,Xichú...
11046,Yuriria,Yuriria...
12001,Acapulco de Juárez,Acapulco...
12062,Tlacoachistlahuaca,Tlacoach...
05007,Cuatro Ciénegas,Cuatro C...
05019,Morelos,Morelos...
05020,Múzquiz,Múzquiz...
11034,Santa Catarina,Santa Ca...
11035,Santa Cruz de Juventino Rosas,Santa Cr...
11036,Santiago Maravatío,Santiago...
11037,Silao de la Victoria,Silao de...
11038,Tarandacuao,Tarandac...
11039,Tarimoro,Tarimoro...
11040,Tierra Blanca,Tierra B...
11041,Uriangato,Uriangat...
11042,Valle de Santiago,Valle de...
11043,Victoria,Victoria...
11044,Villagrán,Villagrá...
05008,Escobedo,Escobedo...
05009,Francisco I. Madero,Francisc...
05021,Nadadores,Nadadore...
05010,Frontera,Frontera...
12004,Alcozauca de Guerrero,Alcozauc...
30011,Alvarado,Alvarado...
30012,Amatitlán,Amatitlá...
30013,Naranjos Amatlán,Naranjos...
30014,Amatlán de los Reyes,Amatlán ...
05011,General Cepeda,General ...
05012,Guerrero,Guerrero...
05029,Sacramento,Sacramen...
05030,Saltillo,Saltillo...
05031,San Buenaventura,San Buen...
05032,San Juan de Sabinas,San Juan...
05033,San Pedro,San Pedr...
12060,Tetipac,Tetipac...
12061,Tixtla de Guerrero,Tixtla d...
05013,Hidalgo,Hidalgo...
05014,Jiménez,Jiménez...
12067,Tlapehuala,Tlapehua...
12068,La Unión de Isidoro Montes de Oca,La Unión...
12069,Xalpatláhuac,Xalpatlá...
12070,Xochihuehuetlán,Xochihue...
12071,Xochistlahuaca,Xochistl...
12072,Zapotitlán Tablas,Zapotitl...
12073,Zirándaro,Zirándar...
12074,Zitlala,Zitlala...
12075,Eduardo Neri,Eduardo ...
12076,Acatepec,Acatepec...
12077,Marquelia,Marqueli...
12078,Cochoapa el Grande,Cochoapa...
12079,José Joaquín de Herrera,José Joa...
30078,Ixcatepec,Ixcatepe...
30079,Ixhuacán de los Reyes,Ixhuacán...
30080,Ixhuatlán del Café,Ixhuatlá...
30081,Ixhuatlancillo,Ixhuatla...
30082,Ixhuatlán del Sureste,Ixhuatlá...
30083,Ixhuatlán de Madero,Ixhuatlá...
30084,Ixmatlahuacan,Ixmatlah...
30085,Ixtaczoquitlán,Ixtaczoq...
30086,Jalacingo,Jalacing...
14001,Acatic,Acatic...
05015,Juárez,Juárez...
05016,Lamadrid,Lamadrid...
05017,Matamoros,Matamoro...
05018,Monclova,Monclova...
13023,Francisco I. Madero,Francisc...
13024,Huasca de Ocampo,Huasca d...
13025,Huautla,Huautla...
13026,Huazalingo,Huazalin...
13027,Huehuetla,Huehuetl...
13028,Huejutla de Reyes,Huejutla...
13029,Huichapan,Huichapa...
13030,Ixmiquilpan,Ixmiquil...
05022,Nava,Nava...
05023,Ocampo,Ocampo...
05024,Parras,Parras...
05025,Piedras Negras,Piedras ...
13034,Lolotla,Lolotla...
13035,Metepec,Metepec...
13036,San Agustín Metzquititlán,San Agus...
13037,Metztitlán,Metztitl...
13038,Mineral del Chico,Mineral ...
13039,Mineral del Monte,Mineral ...
13040,La Misión,La Misió...
13041,Mixquiahuala de Juárez,Mixquiah...
13042,Molango de Escamilla,Molango ...
13043,Nicolás Flores,Nicolás ...
13044,Nopala de Villagrán,Nopala d...
13045,Omitlán de Juárez,Omitlán ...
13046,San Felipe Orizatlán,San Feli...
13047,Pacula,Pacula...
07042,Ixhuatán,Ixhuatán...
05026,Progreso,Progreso...
13057,Singuilucan,Singuilu...
13058,Tasquillo,Tasquill...
13059,Tecozautla,Tecozaut...
13060,Tenango de Doria,Tenango ...
13061,Tepeapulco,Tepeapul...
13062,Tepehuacán de Guerrero,Tepehuac...
13063,Tepeji del Río de Ocampo,Tepeji d...
13064,Tepetitlán,Tepetitl...
30096,Landero y Coss,Landero ...
30097,Lerdo de Tejada,Lerdo de...
16066,Pátzcuaro,Pátzcuar...
07048,Juárez,Juárez...
07049,Larráinzar,Larráinz...
07050,La Libertad,La Liber...
07051,Mapastepec,Mapastep...
05028,Sabinas,Sabinas...
05034,Sierra Mojada,Sierra M...
05035,Torreón,Torreón...
05036,Viesca,Viesca...
13081,Zacualtipán de Ángeles,Zacualti...
13082,Zapotlán de Juárez,Zapotlán...
13083,Zempoala,Zempoala...
13084,Zimapán,Zimapán...
05037,Villa Unión,Villa Un...
07036,La Grandeza,La Grand...
07037,Huehuetán,Huehuetá...
07038,Huixtán,Huixtán...
07039,Huitiupán,Huitiupá...
07040,Huixtla,Huixtla...
07041,La Independencia,La Indep...
05038,Zaragoza,Zaragoza...
06001,Armería,Armería...
06002,Colima,Colima...
06003,Comala,Comala...
06004,Coquimatlán,Coquimat...
06005,Cuauhtémoc,Cuauhtém...
06006,Ixtlahuacán,Ixtlahua...
06007,Manzanillo,Manzanil...
06008,Minatitlán,Minatitl...
06009,Tecomán,Tecomán...
06010,Villa de Álvarez,Villa de...
07001,Acacoyagua,Acacoyag...
07002,Acala,Acala...
07003,Acapetahua,Acapetah...
07004,Altamirano,Altamira...
07005,Amatán,Amatán...
07006,Amatenango de la Frontera,Amatenan...
07007,Amatenango del Valle,Amatenan...
07008,Angel Albino Corzo,Angel Al...
07009,Arriaga,Arriaga...
07044,Ixtapa,Ixtapa...
07045,Ixtapangajoya,Ixtapang...
07046,Jiquipilas,Jiquipil...
07047,Jitotol,Jitotol...
07010,Bejucal de Ocampo,Bejucal ...
14005,Amatitán,Amatitán...
14006,Ameca,Ameca...
14007,San Juanito de Escobedo,San Juan...
14008,Arandas,Arandas...
14009,El Arenal,El Arena...
14010,Atemajac de Brizuela,Atemajac...
14011,Atengo,Atengo...
14012,Atenguillo,Atenguil...
14013,Atotonilco el Alto,Atotonil...
14014,Atoyac,Atoyac...
14015,Autlán de Navarro,Autlán d...
14016,Ayotlán,Ayotlán...
14017,Ayutla,Ayutla...
14018,La Barca,La Barca...
14019,Bolaños,Bolaños...
14020,Cabo Corrientes,Cabo Cor...
14021,Casimiro Castillo,Casimiro...
14022,Cihuatlán,Cihuatlá...
14023,Zapotlán el Grande,Zapotlán...
14024,Cocula,Cocula...
14025,Colotlán,Colotlán...
14026,Concepción de Buenos Aires,Concepci...
07011,Bella Vista,Bella Vi...
07012,Berriozábal,Berriozá...
07013,Bochil,Bochil...
07014,El Bosque,El Bosqu...
07015,Cacahoatán,Cacahoat...
07016,Catazajá,Catazajá...
07017,Cintalapa,Cintalap...
07018,Coapilla,Coapilla...
07019,Comitán de Domínguez,Comitán ...
07020,La Concordia,La Conco...
07021,Copainalá,Copainal...
07022,Chalchihuitán,Chalchih...
07023,Chamula,Chamula...
14033,Degollado,Degollad...
14034,Ejutla,Ejutla...
14035,Encarnación de Díaz,Encarnac...
14036,Etzatlán,Etzatlán...
14037,El Grullo,El Grull...
14038,Guachinango,Guachina...
14039,Guadalajara,Guadalaj...
14040,Hostotipaquillo,Hostotip...
14041,Huejúcar,Huejúcar...
14042,Huejuquilla el Alto,Huejuqui...
14043,La Huerta,La Huert...
14044,Ixtlahuacán de los Membrillos,Ixtlahua...
14045,Ixtlahuacán del Río,Ixtlahua...
07024,Chanal,Chanal...
07026,Chenalhó,Chenalhó...
07027,Chiapa de Corzo,Chiapa d...
07028,Chiapilla,Chiapill...
14047,Jamay,Jamay...
14048,Jesús María,Jesús Ma...
14049,Jilotlán de los Dolores,Jilotlán...
07029,Chicoasén,Chicoasé...
07030,Chicomuselo,Chicomus...
07031,Chilón,Chilón...
07032,Escuintla,Escuintl...
14050,Jocotepec,Jocotepe...
14051,Juanacatlán,Juanacat...
14052,Juchitlán,Juchitlá...
14053,Lagos de Moreno,Lagos de...
14054,El Limón,El Limón...
14055,Magdalena,Magdalen...
14056,Santa María del Oro,Santa Ma...
14057,La Manzanilla de la Paz,La Manza...
14058,Mascota,Mascota...
14059,Mazamitla,Mazamitl...
14060,Mexticacán,Mexticac...
14061,Mezquitic,Mezquiti...
14062,Mixtlán,Mixtlán...
14063,Ocotlán,Ocotlán...
14064,Ojuelos de Jalisco,Ojuelos ...
14065,Pihuamo,Pihuamo...
14066,Poncitlán,Poncitlá...
14067,Puerto Vallarta,Puerto V...
14068,Villa Purificación,Villa Pu...
14069,Quitupan,Quitupan...
14070,El Salto,El Salto...
14071,San Cristóbal de la Barranca,San Cris...
14072,San Diego de Alejandría,San Dieg...
14073,San Juan de los Lagos,San Juan...
14074,San Julián,San Juli...
14075,San Marcos,San Marc...
14076,San Martín de Bolaños,San Mart...
14085,Tamazula de Gordiano,Tamazula...
14086,Tapalpa,Tapalpa...
14093,Tepatitlán de Morelos,Tepatitl...
14094,Tequila,Tequila...
14095,Teuchitlán,Teuchitl...
14112,Valle de Juárez,Valle de...
14113,San Gabriel,San Gabr...
14114,Villa Corona,Villa Co...
30111,Moloacán,Moloacán...
30112,Naolinco,Naolinco...
30113,Naranjal,Naranjal...
07060,Ocotepec,Ocotepec...
07033,Francisco León,Francisc...
07034,Frontera Comalapa,Frontera...
07035,Frontera Hidalgo,Frontera...
14078,San Miguel el Alto,San Migu...
14079,Gómez Farías,Gómez Fa...
14080,San Sebastián del Oeste,San Seba...
14081,Santa María de los Ángeles,Santa Ma...
14082,Sayula,Sayula...
14083,Tala,Tala...
14084,Talpa de Allende,Talpa de...
07053,Mazapa de Madero,Mazapa d...
07054,Mazatán,Mazatán...
14087,Tecalitlán,Tecalitl...
14088,Tecolotlán,Tecolotl...
14089,Techaluta de Montenegro,Techalut...
14090,Tenamaxtlán,Tenamaxt...
14091,Teocaltiche,Teocalti...
14092,Teocuitatlán de Corona,Teocuita...
07055,Metapa,Metapa...
14097,Tlajomulco de Zúñiga,Tlajomul...
14098,San Pedro Tlaquepaque,San Pedr...
14099,Tolimán,Tolimán...
14100,Tomatlán,Tomatlán...
14101,Tonalá,Tonalá...
14102,Tonaya,Tonaya...
14103,Tonila,Tonila...
14104,Totatiche,Totatich...
14105,Tototlán,Tototlán...
14106,Tuxcacuesco,Tuxcacue...
14107,Tuxcueca,Tuxcueca...
14108,Tuxpan,Tuxpan...
14109,Unión de San Antonio,Unión de...
14110,Unión de Tula,Unión de...
14111,Valle de Guadalupe,Valle de...
07056,Mitontic,Mitontic...
07057,Motozintla,Motozint...
14115,Villa Guerrero,Villa Gu...
14116,Villa Hidalgo,Villa Hi...
14117,Cañadas de Obregón,Cañadas ...
14118,Yahualica de González Gallo,Yahualic...
14119,Zacoalco de Torres,Zacoalco...
14120,Zapopan,Zapopan...
14121,Zapotiltic,Zapotilt...
14122,Zapotitlán de Vadillo,Zapotitl...
14123,Zapotlán del Rey,Zapotlán...
14124,Zapotlanejo,Zapotlan...
30109,Misantla,Misantla...
30110,Mixtla de Altamirano,Mixtla d...
07058,Nicolás Ruíz,Nicolás ...
16033,Gabriel Zamora,Gabriel ...
07068,Pichucalco,Pichucal...
07069,Pijijiapan,Pijijiap...
15034,Ecatzingo,Ecatzing...
20193,San Juan del Estado,San Juan...
16056,Nahuatzen,Nahuatze...
07088,Sunuapa,Sunuapa...
07089,Tapachula,Tapachul...
30173,Tezonapa,Tezonapa...
08018,Cusihuiriachi,Cusihuir...
08019,Chihuahua,Chihuahu...
10021,Peñón Blanco,Peñón Bl...
10022,Poanas,Poanas...
10023,Pueblo Nuevo,Pueblo N...
10024,Rodeo,Rodeo...
10025,San Bernardo,San Bern...
10026,San Dimas,San Dima...
10027,San Juan de Guadalupe,San Juan...
10028,San Juan del Río,San Juan...
11018,Jaral del Progreso,Jaral de...
11019,Jerécuaro,Jerécuar...
11020,León,León...
11021,Moroleón,Moroleón...
11022,Ocampo,Ocampo...
13021,Emiliano Zapata,Emiliano...
07063,Osumacinta,Osumacin...
07064,Oxchuc,Oxchuc...
07065,Palenque,Palenque...
07066,Pantelhó,Pantelhó...
07067,Pantepec,Pantepec...
15044,Jaltenco,Jaltenco...
15045,Jilotepec,Jilotepe...
15046,Jilotzingo,Jilotzin...
15047,Jiquipilco,Jiquipil...
30169,José Azueta,José Azu...
30170,Texcatepec,Texcatep...
30171,Texhuacán,Texhuacá...
20196,San Juan Evangelista Analco,San Juan...
08010,Buenaventura,Buenaven...
08011,Camargo,Camargo...
20380,Santa Cruz Papalutla,Santa Cr...
30198,Zacualpan,Zacualpa...
30166,Tepetlán,Tepetlán...
07073,Rayón,Rayón...
07074,Reforma,Reforma...
07075,Las Rosas,Las Rosa...
07076,Sabanilla,Sabanill...
07077,Salto de Agua,Salto de...
07078,San Cristóbal de las Casas,San Cris...
07079,San Fernando,San Fern...
07080,Siltepec,Siltepec...
07081,Simojovel,Simojove...
07082,Sitalá,Sitalá...
07083,Socoltenango,Socolten...
07084,Solosuchiapa,Solosuch...
07090,Tapalapa,Tapalapa...
30168,Tequila,Tequila...
07085,Soyaló,Soyaló...
07086,Suchiapa,Suchiapa...
07087,Suchiate,Suchiate...
07091,Tapilula,Tapilula...
07093,Tenejapa,Tenejapa...
07094,Teopisca,Teopisca...
07096,Tila,Tila...
07097,Tonalá,Tonalá...
07098,Totolapa,Totolapa...
07099,La Trinitaria,La Trini...
07100,Tumbalá,Tumbalá...
07101,Tuxtla Gutiérrez,Tuxtla G...
07102,Tuxtla Chico,Tuxtla C...
07103,Tuzantán,Tuzantán...
07104,Tzimol,Tzimol...
07105,Unión Juárez,Unión Ju...
07106,Venustiano Carranza,Venustia...
07107,Villa Corzo,Villa Co...
07108,Villaflores,Villaflo...
07109,Yajalón,Yajalón...
07110,San Lucas,San Luca...
07111,Zinacantán,Zinacant...
07112,San Juan Cancuc,San Juan...
30180,Tlachichilco,Tlachich...
30181,Tlalixcoyan,Tlalixco...
10014,Mezquital,Mezquita...
10015,Nazas,Nazas...
10016,Nombre de Dios,Nombre d...
10017,Ocampo,Ocampo...
30167,Tepetzintla,Tepetzin...
13022,Epazoyucan,Epazoyuc...
12052,San Luis Acatlán,San Luis...
12053,San Marcos,San Marc...
12054,San Miguel Totolapan,San Migu...
12055,Taxco de Alarcón,Taxco de...
12056,Tecoanapa,Tecoanap...
12057,Técpan de Galeana,Técpan d...
07113,Aldama,Aldama...
07114,Benemérito de las Américas,Beneméri...
07120,Capitán Luis Ángel Vidal,Capitán ...
30174,Tierra Blanca,Tierra B...
30175,Tihuatlán,Tihuatlá...
30176,Tlacojalpan,Tlacojal...
30177,Tlacolulan,Tlacolul...
30178,Tlacotalpan,Tlacotal...
30179,Tlacotepec de Mejía,Tlacotep...
07115,Maravilla Tenejapa,Maravill...
07116,Marqués de Comillas,Marqués ...
08012,Carichí,Carichí...
08013,Casas Grandes,Casas Gr...
08014,Coronado,Coronado...
08015,Coyame del Sotol,Coyame d...
08016,La Cruz,La Cruz...
08017,Cuauhtémoc,Cuauhtém...
07117,Montecristo de Guerrero,Montecri...
08027,Guachochi,Guachoch...
08028,Guadalupe,Guadalup...
08029,Guadalupe y Calvo,Guadalup...
08030,Guazapares,Guazapar...
08031,Guerrero,Guerrero...
08032,Hidalgo del Parral,Hidalgo ...
08033,Huejotitán,Huejotit...
08034,Ignacio Zaragoza,Ignacio ...
08035,Janos,Janos...
08036,Jiménez,Jiménez...
08037,Juárez,Juárez...
08038,Julimes,Julimes...
08039,López,López...
08040,Madera,Madera...
08041,Maguarichi,Maguaric...
08042,Manuel Benavides,Manuel B...
08043,Matachí,Matachí...
08044,Matamoros,Matamoro...
08045,Meoqui,Meoqui...
08046,Morelos,Morelos...
08047,Moris,Moris...
08048,Namiquipa,Namiquip...
08049,Nonoava,Nonoava...
08050,Nuevo Casas Grandes,Nuevo Ca...
08051,Ocampo,Ocampo...
08052,Ojinaga,Ojinaga...
30183,Tlapacoyan,Tlapacoy...
30184,Tlaquilpa,Tlaquilp...
24026,San Antonio,San Anto...
12059,Tepecoacuilco de Trujano,Tepecoac...
15001,Acambay de Ruíz Castañeda,Acambay ...
15002,Acolman,Acolman...
07118,San Andrés Duraznal,San Andr...
07119,Santiago el Pinar,Santiago...
07121,Rincón Chamula San Pedro,Rincón C...
07122,El Parral,El Parra...
07123,Emiliano Zapata,Emiliano...
07124,Mezcalapa,Mezcalap...
08001,Ahumada,Ahumada...
08002,Aldama,Aldama...
08003,Allende,Allende...
10003,Coneto de Comonfort,Coneto d...
10004,Cuencamé,Cuencamé...
12058,Teloloapan,Teloloap...
15048,Jocotitlán,Jocotitl...
15049,Joquicingo,Joquicin...
13079,Xochicoatlán,Xochicoa...
13080,Yahualica,Yahualic...
15035,Huehuetoca,Huehueto...
15036,Hueypoxtla,Hueypoxt...
15037,Huixquilucan,Huixquil...
15038,Isidro Fabela,Isidro F...
15039,Ixtapaluca,Ixtapalu...
15040,Ixtapan de la Sal,Ixtapan ...
15041,Ixtapan del Oro,Ixtapan ...
15042,Ixtlahuaca,Ixtlahua...
15043,Xalatlaco,Xalatlac...
16034,Hidalgo,Hidalgo...
16035,La Huacana,La Huaca...
16036,Huandacareo,Huandaca...
16037,Huaniqueo,Huanique...
16038,Huetamo,Huetamo...
16039,Huiramba,Huiramba...
20056,Mártires de Tacubaya,Mártires...
20057,Matías Romero Avendaño,Matías R...
20058,Mazatlán Villa de Flores,Mazatlán...
20059,Miahuatlán de Porfirio Díaz,Miahuatl...
08057,San Francisco de Borja,San Fran...
10018,El Oro,El Oro...
10019,Otáez,Otáez...
10020,Pánuco de Coronado,Pánuco d...
08004,Aquiles Serdán,Aquiles ...
08005,Ascensión,Ascensió...
08006,Bachíniva,Bachíniv...
08007,Balleza,Balleza...
08008,Batopilas de Manuel Gómez Morín,Batopila...
08009,Bocoyna,Bocoyna...
08053,Praxedis G. Guerrero,Praxedis...
08054,Riva Palacio,Riva Pal...
08055,Rosales,Rosales...
08056,Rosario,Rosario...
10005,Durango,Durango...
10006,General Simón Bolívar,General ...
10007,Gómez Palacio,Gómez Pa...
10008,Guadalupe Victoria,Guadalup...
10009,Guanaceví,Guanacev...
10010,Hidalgo,Hidalgo...
10011,Indé,Indé...
10012,Lerdo,Lerdo...
10013,Mapimí,Mapimí...
08060,Santa Bárbara,Santa Bá...
10033,Súchil,Súchil...
10034,Tamazula,Tamazula...
12066,Tlapa de Comonfort,Tlapa de...
15004,Almoloya de Alquisiras,Almoloya...
15005,Almoloya de Juárez,Almoloya...
15121,Cuautitlán Izcalli,Cuautitl...
15122,Valle de Chalco Solidaridad,Valle de...
15123,Luvianos,Luvianos...
16113,José Sixto Verduzco,José Six...
16040,Indaparapeo,Indapara...
16041,Irimbo,Irimbo...
16042,Ixtlán,Ixtlán...
16043,Jacona,Jacona...
16044,Jiménez,Jiménez...
16045,Jiquilpan,Jiquilpa...
10001,Canatlán,Canatlán...
10002,Canelas,Canelas...
10029,San Luis del Cordero,San Luis...
10030,San Pedro del Gallo,San Pedr...
10031,Santa Clara,Santa Cl...
10032,Santiago Papasquiaro,Santiago...
10036,Tlahualilo,Tlahuali...
10037,Topia,Topia...
10038,Vicente Guerrero,Vicente ...
10039,Nuevo Ideal,Nuevo Id...
11001,Abasolo,Abasolo...
11002,Acámbaro,Acámbaro...
11003,San Miguel de Allende,San Migu...
11004,Apaseo el Alto,Apaseo e...
11005,Apaseo el Grande,Apaseo e...
11006,Atarjea,Atarjea...
11007,Celaya,Celaya...
11008,Manuel Doblado,Manuel D...
11009,Comonfort,Comonfor...
11010,Coroneo,Coroneo...
11011,Cortazar,Cortazar...
11012,Cuerámaro,Cuerámar...
11013,Doctor Mora,Doctor M...
11014,Dolores Hidalgo Cuna de la Independencia Nacional,Dolores ...
11015,Guanajuato,Guanajua...
11016,Huanímaro,Huanímar...
11017,Irapuato,Irapuato...
14125,San Ignacio Cerro Gordo,San Igna...
15069,Papalotla,Papalotl...
13017,Chapantongo,Chapanto...
13018,Chapulhuacán,Chapulhu...
13019,Chilcuautla,Chilcuau...
13020,Eloxochitlán,Eloxochi...
12024,Cualác,Cualác...
12025,Cuautepec,Cuautepe...
12026,Cuetzala del Progreso,Cuetzala...
12027,Cutzamala de Pinzón,Cutzamal...
12028,Chilapa de Álvarez,Chilapa ...
12029,Chilpancingo de los Bravo,Chilpanc...
12030,Florencio Villarreal,Florenci...
12031,General Canuto A. Neri,General ...
12032,General Heliodoro Castillo,General ...
12033,Huamuxtitlán,Huamuxti...
12034,Huitzuco de los Figueroa,Huitzuco...
12035,Iguala de la Independencia,Iguala d...
12036,Igualapa,Igualapa...
12037,Ixcateopan de Cuauhtémoc,Ixcateop...
12038,Zihuatanejo de Azueta,Zihuatan...
12039,Juan R. Escudero,Juan R. ...
12040,Leonardo Bravo,Leonardo...
12041,Malinaltepec,Malinalt...
12042,Mártir de Cuilapan,Mártir d...
12043,Metlatónoc,Metlatón...
12044,Mochitlán,Mochitlá...
12045,Olinalá,Olinalá...
12046,Ometepec,Ometepec...
12047,Pedro Ascencio Alquisiras,Pedro As...
12048,Petatlán,Petatlán...
12049,Pilcaya,Pilcaya...
12050,Pungarabato,Pungarab...
12051,Quechultenango,Quechult...
12065,Tlalixtaquilla de Maldonado,Tlalixta...
12080,Juchitán,Juchitán...
12081,Iliatenco,Iliatenc...
13001,Acatlán,Acatlán...
13002,Acaxochitlán,Acaxochi...
13003,Actopan,Actopan...
13004,Agua Blanca de Iturbide,Agua Bla...
13005,Ajacuba,Ajacuba...
13006,Alfajayucan,Alfajayu...
13007,Almoloya,Almoloya...
13008,Apan,Apan...
13009,El Arenal,El Arena...
13010,Atitalaquia,Atitalaq...
13011,Atlapexco,Atlapexc...
13012,Atotonilco el Grande,Atotonil...
13013,Atotonilco de Tula,Atotonil...
13014,Calnali,Calnali...
13015,Cardonal,Cardonal...
13016,Cuautepec de Hinojosa,Cuautepe...
13065,Tetepango,Tetepang...
13066,Villa de Tezontepec,Villa de...
13067,Tezontepec de Aldama,Tezontep...
13068,Tianguistengo,Tianguis...
13069,Tizayuca,Tizayuca...
13070,Tlahuelilpan,Tlahueli...
13071,Tlahuiltepa,Tlahuilt...
13072,Tlanalapa,Tlanalap...
13073,Tlanchinol,Tlanchin...
15050,Juchitepec,Juchitep...
15051,Lerma,Lerma...
15052,Malinalco,Malinalc...
15003,Aculco,Aculco...
13074,Tlaxcoapan,Tlaxcoap...
13075,Tolcayuca,Tolcayuc...
13076,Tula de Allende,Tula de ...
13077,Tulancingo de Bravo,Tulancin...
13078,Xochiatipan,Xochiati...
15006,Almoloya del Río,Almoloya...
15007,Amanalco,Amanalco...
16053,Morelia,Morelia...
20075,Reforma de Pineda,Reforma ...
15012,Atizapán,Atizapán...
15013,Atizapán de Zaragoza,Atizapán...
15014,Atlacomulco,Atlacomu...
15015,Atlautla,Atlautla...
15016,Axapusco,Axapusco...
15017,Ayapango,Ayapango...
15018,Calimaya,Calimaya...
15019,Capulhuac,Capulhua...
15093,Tepetlaoxtoc,Tepetlao...
15094,Tepetlixpa,Tepetlix...
15095,Tepotzotlán,Tepotzot...
15096,Tequixquiac,Tequixqu...
15097,Texcaltitlán,Texcalti...
16046,Juárez,Juárez...
16047,Jungapeo,Jungapeo...
16048,Lagunillas,Lagunill...
16049,Madero,Madero...
16050,Maravatío,Maravatí...
16051,Marcos Castellanos,Marcos C...
16052,Lázaro Cárdenas,Lázaro C...
16065,Paracho,Paracho...
16086,Tanhuato,Tanhuato...
16087,Taretan,Taretan...
16088,Tarímbaro,Tarímbar...
16089,Tepalcatepec,Tepalcat...
16090,Tingambato,Tingamba...
16091,Tingüindín,Tingüind...
16092,Tiquicheo de Nicolás Romero,Tiquiche...
16093,Tlalpujahua,Tlalpuja...
16109,Zináparo,Zináparo...
16110,Zinapécuaro,Zinapécu...
16111,Ziracuaretiro,Ziracuar...
16112,Zitácuaro,Zitácuar...
15091,Teoloyucan,Teoloyuc...
20092,San Andrés Ixtlahuaca,San Andr...
15030,Chiconcuac,Chiconcu...
15020,Coacalco de Berriozábal,Coacalco...
15021,Coatepec Harinas,Coatepec...
16094,Tlazazalca,Tlazazal...
15022,Cocotitlán,Cocotitl...
15024,Cuautitlán,Cuautitl...
15026,Chapa de Mota,Chapa de...
15103,Tlalmanalco,Tlalmana...
15104,Tlalnepantla de Baz,Tlalnepa...
15105,Tlatlaya,Tlatlaya...
15106,Toluca,Toluca...
15107,Tonatico,Tonatico...
15108,Tultepec,Tultepec...
15109,Tultitlán,Tultitlá...
15110,Valle de Bravo,Valle de...
15111,Villa de Allende,Villa de...
15112,Villa del Carbón,Villa de...
15113,Villa Guerrero,Villa Gu...
15114,Villa Victoria,Villa Vi...
15115,Xonacatlán,Xonacatl...
15116,Zacazonapan,Zacazona...
15117,Zacualpan,Zacualpa...
15118,Zinacantepec,Zinacant...
15119,Zumpahuacán,Zumpahua...
15120,Zumpango,Zumpango...
15027,Chapultepec,Chapulte...
20204,San Juan Lajarcia,San Juan...
15031,Chimalhuacán,Chimalhu...
15032,Donato Guerra,Donato G...
15033,Ecatepec de Morelos,Ecatepec...
15053,Melchor Ocampo,Melchor ...
16057,Nocupétaro,Nocupéta...
16058,Nuevo Parangaricutiro,Nuevo Pa...
16059,Nuevo Urecho,Nuevo Ur...
16060,Numarán,Numarán...
16061,Ocampo,Ocampo...
16062,Pajacuarán,Pajacuar...
16063,Panindícuaro,Panindíc...
16064,Parácuaro,Parácuar...
15055,Mexicaltzingo,Mexicalt...
15056,Morelos,Morelos...
15057,Naucalpan de Juárez,Naucalpa...
15058,Nezahualcóyotl,Nezahual...
15059,Nextlalpan,Nextlalp...
15060,Nicolás Romero,Nicolás ...
15061,Nopaltepec,Nopaltep...
15062,Ocoyoacac,Ocoyoaca...
15063,Ocuilan,Ocuilan...
15064,El Oro,El Oro...
15065,Otumba,Otumba...
15066,Otzoloapan,Otzoloap...
15067,Otzolotepec,Otzolote...
15068,Ozumba,Ozumba...
16067,Penjamillo,Penjamil...
16068,Peribán,Peribán...
16069,La Piedad,La Pieda...
16070,Purépero,Purépero...
16071,Puruándiro,Puruándi...
16072,Queréndaro,Querénda...
16073,Quiroga,Quiroga...
16074,Cojumatlán de Régules,Cojumatl...
16075,Los Reyes,Los Reye...
16076,Sahuayo,Sahuayo...
16077,San Lucas,San Luca...
16078,Santa Ana Maya,Santa An...
16079,Salvador Escalante,Salvador...
16080,Senguio,Senguio...
16081,Susupuato,Susupuat...
16082,Tacámbaro,Tacámbar...
16083,Tancítaro,Tancítar...
16084,Tangamandapio,Tangaman...
16085,Tangancícuaro,Tangancí...
15076,San Mateo Atenco,San Mate...
15077,San Simón de Guerrero,San Simó...
15078,Santo Tomás,Santo To...
15079,Soyaniquilpan de Juárez,Soyaniqu...
15080,Sultepec,Sultepec...
15081,Tecámac,Tecámac...
15082,Tejupilco,Tejupilc...
16098,Tuxpan,Tuxpan...
16099,Tuzantla,Tuzantla...
16100,Tzintzuntzan,Tzintzun...
16101,Tzitzio,Tzitzio...
16102,Uruapan,Uruapan...
16103,Venustiano Carranza,Venustia...
16104,Villamar,Villamar...
16105,Vista Hermosa,Vista He...
16106,Yurécuaro,Yurécuar...
16107,Zacapu,Zacapu...
16108,Zamora,Zamora...
15083,Temamatla,Temamatl...
15084,Temascalapa,Temascal...
15085,Temascalcingo,Temascal...
15086,Temascaltepec,Temascal...
15087,Temoaya,Temoaya...
15088,Tenancingo,Tenancin...
15089,Tenango del Aire,Tenango ...
15090,Tenango del Valle,Tenango ...
15092,Teotihuacán,Teotihua...
15098,Texcalyacac,Texcalya...
17003,Axochiapan,Axochiap...
17004,Ayala,Ayala...
17005,Coatlán del Río,Coatlán ...
17006,Cuautla,Cuautla...
17007,Cuernavaca,Cuernava...
17008,Emiliano Zapata,Emiliano...
16022,Charo,Charo...
18008,Xalisco,Xalisco...
18009,Del Nayar,Del Naya...
18010,Rosamorada,Rosamora...
18011,Ruíz,Ruíz...
18012,San Blas,San Blas...
18013,San Pedro Lagunillas,San Pedr...
18014,Santa María del Oro,Santa Ma...
18015,Santiago Ixcuintla,Santiago...
18016,Tecuala,Tecuala...
18017,Tepic,Tepic...
18018,Tuxpan,Tuxpan...
18019,La Yesca,La Yesca...
18020,Bahía de Banderas,Bahía de...
20098,San Andrés Teotilálpam,San Andr...
19005,Anáhuac,Anáhuac...
16031,Epitacio Huerta,Epitacio...
19002,Agualeguas,Agualegu...
19003,Los Aldamas,Los Alda...
20096,San Andrés Sinaxtla,San Andr...
20097,San Andrés Solaga,San Andr...
16032,Erongarícuaro,Erongarí...
15125,Tonanitla,Tonanitl...
16001,Acuitzio,Acuitzio...
16002,Aguililla,Aguilill...
16003,Álvaro Obregón,Álvaro O...
16004,Angamacutiro,Angamacu...
16005,Angangueo,Angangue...
16006,Apatzingán,Apatzing...
16007,Aporo,Aporo...
16008,Aquila,Aquila...
16009,Ario,Ario...
16010,Arteaga,Arteaga...
16011,Briseñas,Briseñas...
16012,Buenavista,Buenavis...
16013,Carácuaro,Carácuar...
16014,Coahuayana,Coahuaya...
16015,Coalcomán de Vázquez Pallares,Coalcomá...
16016,Coeneo,Coeneo...
16017,Contepec,Contepec...
16018,Copándaro,Copándar...
16019,Cotija,Cotija...
16020,Cuitzeo,Cuitzeo...
16021,Charapan,Charapan...
15100,Tezoyuca,Tezoyuca...
15101,Tianguistenco,Tianguis...
16023,Chavinda,Chavinda...
16024,Cherán,Cherán...
16025,Chilchota,Chilchot...
16026,Chinicuila,Chinicui...
16027,Chucándiro,Chucándi...
16028,Churintzio,Churintz...
16029,Churumuco,Churumuc...
16030,Ecuandureo,Ecuandur...
16054,Morelos,Morelos...
16055,Múgica,Múgica...
17009,Huitzilac,Huitzila...
17010,Jantetelco,Jantetel...
17011,Jiutepec,Jiutepec...
17012,Jojutla,Jojutla...
17013,Jonacatepec de Leandro Valle,Jonacate...
17014,Mazatepec,Mazatepe...
17015,Miacatlán,Miacatlá...
17016,Ocuituco,Ocuituco...
17017,Puente de Ixtla,Puente d...
17018,Temixco,Temixco...
17019,Tepalcingo,Tepalcin...
17020,Tepoztlán,Tepoztlá...
17021,Tetecala,Tetecala...
17022,Tetela del Volcán,Tetela d...
19001,Abasolo,Abasolo...
19004,Allende,Allende...
17023,Tlalnepantla,Tlalnepa...
17026,Tlayacapan,Tlayacap...
17027,Totolapan,Totolapa...
17028,Xochitepec,Xochitep...
17029,Yautepec,Yautepec...
17030,Yecapixtla,Yecapixt...
17031,Zacatepec,Zacatepe...
17032,Zacualpan de Amilpas,Zacualpa...
17033,Temoac,Temoac...
19006,Apodaca,Apodaca...
20508,Santo Domingo Chihuitán,Santo Do...
20509,Santo Domingo de Morelos,Santo Do...
17034,Coatetelco,Coatetel...
18006,Ixtlán del Río,Ixtlán d...
18007,Jala,Jala...
19008,Bustamante,Bustaman...
19007,Aramberri,Aramberr...
19024,General Zaragoza,General ...
17035,Xoxocotla,Xoxocotl...
18001,Acaponeta,Acaponet...
18002,Ahuacatlán,Ahuacatl...
18003,Amatlán de Cañas,Amatlán ...
18004,Compostela,Composte...
18005,Huajicori,Huajicor...
19010,El Carmen,El Carme...
19013,China,China...
19014,Doctor Arroyo,Doctor A...
19015,Doctor Coss,Doctor C...
19016,Doctor González,Doctor G...
19017,Galeana,Galeana...
19018,García,García...
19019,San Pedro Garza García,San Pedr...
19020,General Bravo,General ...
19021,General Escobedo,General ...
19022,General Terán,General ...
19023,General Treviño,General ...
19029,Hualahuises,Hualahui...
20014,Ciudad Ixtepec,Ciudad I...
19030,Iturbide,Iturbide...
19035,Melchor Ocampo,Melchor ...
20027,Chiquihuitlán de Benito Juárez,Chiquihu...
19036,Mier y Noriega,Mier y N...
19042,Los Ramones,Los Ramo...
20099,San Andrés Tepetlapa,San Andr...
19043,Rayones,Rayones...
19044,Sabinas Hidalgo,Sabinas ...
19045,Salinas Victoria,Salinas ...
19046,San Nicolás de los Garza,San Nico...
20218,San Juan Teita,San Juan...
20004,Asunción Cuyotepeji,Asunción...
19047,Hidalgo,Hidalgo...
19051,Villaldama,Villalda...
20001,Abejones,Abejones...
20007,Asunción Ocotlán,Asunción...
20003,Asunción Cacalotepec,Asunción...
20435,Santa María Tepantlali,Santa Ma...
20011,Calihualá,Calihual...
20030,El Espinal,El Espin...
20013,Ciénega de Zimatlán,Ciénega ...
20017,La Compañía,La Compa...
20049,Magdalena Ocotlán,Magdalen...
20019,Concepción Pápalo,Concepci...
20020,Constancia del Rosario,Constanc...
20022,Cosoltepec,Cosoltep...
20024,Cuyamecalco Villa de Zaragoza,Cuyameca...
20025,Chahuites,Chahuite...
20026,Chalcatongo de Hidalgo,Chalcato...
20029,Eloxochitlán de Flores Magón,Eloxochi...
20032,Fresnillo de Trujano,Fresnill...
20050,Magdalena Peñasco,Magdalen...
20033,Guadalupe Etla,Guadalup...
20562,Magdalena Yodocono de Porfirio Díaz,Magdalen...
20034,Guadalupe de Ramírez,Guadalup...
20035,Guelatao de Juárez,Guelatao...
20037,Mesones Hidalgo,Mesones ...
20038,Villa Hidalgo,Villa Hi...
20040,Huautepec,Huautepe...
20042,Ixtlán de Juárez,Ixtlán d...
20043,Heroica Ciudad de Juchitán de Zaragoza,Heroica ...
20045,Magdalena Apasco,Magdalen...
20046,Magdalena Jaltepec,Magdalen...
20048,Magdalena Mixtepec,Magdalen...
20060,Mixistlán de la Reforma,Mixistlá...
20061,Monjas,Monjas...
20062,Natividad,Nativida...
20063,Nazareno Etla,Nazareno...
20065,Ixpantepec Nieves,Ixpantep...
20069,La Pe,La Pe...
20070,Pinotepa de Don Luis,Pinotepa...
20072,San José del Progreso,San José...
20074,Santa Catarina Quioquitani,Santa Ca...
20076,La Reforma,La Refor...
20078,Rojas de Cuauhtémoc,Rojas de...
20077,Reyes Etla,Reyes Et...
20081,San Agustín Atenango,San Agus...
20094,San Andrés Nuxiño,San Andr...
20079,Salina Cruz,Salina C...
20080,San Agustín Amatengo,San Agus...
20084,San Agustín Etla,San Agus...
20082,San Agustín Chayuco,San Agus...
20086,San Agustín Tlacotepec,San Agus...
20083,San Agustín de las Juntas,San Agus...
20087,San Agustín Yatareni,San Agus...
20089,San Andrés Dinicuiti,San Andr...
20090,San Andrés Huaxpaltepec,San Andr...
20091,San Andrés Huayápam,San Andr...
20100,San Andrés Yaá,San Andr...
20103,San Antonino Castillo Velasco,San Anto...
20095,San Andrés Paxtlán,San Andr...
20102,San Andrés Zautla,San Andr...
20105,San Antonino Monte Verde,San Anto...
20107,San Antonio de la Cal,San Anto...
20112,San Baltazar Chichicápam,San Balt...
20108,San Antonio Huitepec,San Anto...
20109,San Antonio Nanahuatípam,San Anto...
20110,San Antonio Sinicahua,San Anto...
20111,San Antonio Tepetlapa,San Anto...
20114,San Baltazar Yatzachi el Bajo,San Balt...
20115,San Bartolo Coyotepec,San Bart...
20116,San Bartolomé Ayautla,San Bart...
20117,San Bartolomé Loxicha,San Bart...
20119,San Bartolomé Yucuañe,San Bart...
20199,San Juan Ihualtepec,San Juan...
20122,San Bartolo Yautepec,San Bart...
20123,San Bernardo Mixtepec,San Bern...
20131,San Dionisio Ocotepec,San Dion...
20126,San Cristóbal Amatlán,San Cris...
20127,San Cristóbal Amoltepec,San Cris...
20128,San Cristóbal Lachirioag,San Cris...
20129,San Cristóbal Suchixtlahuaca,San Cris...
20132,San Dionisio Ocotlán,San Dion...
20135,San Felipe Tejalápam,San Feli...
20136,San Felipe Usila,San Feli...
20137,San Francisco Cahuacuá,San Fran...
20139,San Francisco Chapulapa,San Fran...
20142,San Francisco Huehuetlán,San Fran...
20140,San Francisco Chindúa,San Fran...
20219,San Juan Teitipac,San Juan...
20145,San Francisco Lachigoló,San Fran...
20162,San Jerónimo Taviche,San Jeró...
20146,San Francisco Logueche,San Fran...
20148,San Francisco Ozolotepec,San Fran...
20151,San Francisco Teopan,San Fran...
20157,San Jacinto Amilpas,San Jaci...
20160,San Jerónimo Silacayoapilla,San Jeró...
20158,San Jacinto Tlacotepec,San Jaci...
20165,San José Ayuquila,San José...
20167,San José del Peñasco,San José...
20171,San José Tenango,San José...
20173,San Juan Atepec,San Juan...
20174,Ánimas Trujano,Ánimas T...
20187,San Juan Coatzóspam,San Juan...
20176,San Juan Bautista Coixtlahuaca,San Juan...
20188,San Juan Colorado,San Juan...
20178,San Juan Bautista Guelache,San Juan...
20179,San Juan Bautista Jayacatlán,San Juan...
20180,San Juan Bautista Lo de Soto,San Juan...
20191,San Juan Chicomezúchil,San Juan...
20181,San Juan Bautista Suchitepec,San Juan...
20223,San Juan Yatzona,San Juan...
20182,San Juan Bautista Tlacoatzintepec,San Juan...
20192,San Juan Chilateca,San Juan...
20183,San Juan Bautista Tlachichilco,San Juan...
20189,San Juan Comaltepec,San Juan...
20194,San Juan del Río,San Juan...
20195,San Juan Diuxi,San Juan...
20206,San Juan de los Cués,San Juan...
20210,San Juan Ñumí,San Juan...
20200,San Juan Juquila Mixes,San Juan...
20201,San Juan Juquila Vijanos,San Juan...
20203,San Juan Lachigalla,San Juan...
20208,San Juan Mixtepec,San Juan...
20209,San Juan Mixtepec,San Juan...
20216,San Juan Tabaá,San Juan...
20221,San Juan Teposcolula,San Juan...
20222,San Juan Yaeé,San Juan...
20224,San Juan Yucuita,San Juan...
20238,San Martín de los Cansecos,San Mart...
20480,Santiago Nundiche,Santiago...
20225,San Lorenzo,San Lore...
20248,San Mateo del Mar,San Mate...
20226,San Lorenzo Albarradas,San Lore...
20228,San Lorenzo Cuaunecuiltitla,San Lore...
20231,San Lucas Camotlán,San Luca...
20232,San Lucas Ojitlán,San Luca...
20234,San Lucas Zoquiápam,San Luca...
20239,San Martín Huamelúlpam,San Mart...
20249,San Mateo Yoloxochitlán,San Mate...
20240,San Martín Itunyoso,San Mart...
20241,San Martín Lachilá,San Mart...
20242,San Martín Peras,San Mart...
20243,San Martín Tilcajete,San Mart...
20261,San Miguel Amatitlán,San Migu...
20262,San Miguel Amatlán,San Migu...
20244,San Martín Toxpalan,San Mart...
20263,San Miguel Coatlán,San Migu...
20264,San Miguel Chicahua,San Migu...
20245,San Martín Zacatepec,San Mart...
20246,San Mateo Cajonos,San Mate...
20267,San Miguel del Río,San Migu...
20493,Santiago Tillo,Santiago...
20247,Capulálpam de Méndez,Capulálp...
20250,San Mateo Etlatongo,San Mate...
20251,San Mateo Nejápam,San Mate...
20276,San Miguel Santa Flor,San Migu...
20252,San Mateo Peñasco,San Mate...
20254,San Mateo Río Hondo,San Mate...
20281,San Miguel Tecomatlán,San Migu...
20255,San Mateo Sindihui,San Mate...
20258,San Miguel Achiutla,San Migu...
20257,San Melchor Betaza,San Melc...
20259,San Miguel Ahuehuetitlán,San Migu...
20260,San Miguel Aloápam,San Migu...
20269,San Miguel el Grande,San Migu...
20268,San Miguel Ejutla,San Migu...
20497,Santiago Yaitepec,Santiago...
20270,San Miguel Huautla,San Migu...
20284,San Miguel Tilquiápam,San Migu...
20274,San Miguel Piedras,San Migu...
20280,Villa Talea de Castro,Villa Ta...
20282,San Miguel Tenango,San Migu...
20283,San Miguel Tequixtepec,San Migu...
20286,San Miguel Tlacotepec,San Migu...
20287,San Miguel Tulancingo,San Migu...
20303,San Pedro Cajonos,San Pedr...
20285,San Miguel Tlacamama,San Migu...
20288,San Miguel Yotao,San Migu...
20289,San Nicolás,San Nico...
20290,San Nicolás Hidalgo,San Nico...
20292,San Pablo Cuatro Venados,San Pabl...
20502,Santiago Zacatepec,Santiago...
20294,San Pablo Huitzo,San Pabl...
20295,San Pablo Huixtepec,San Pabl...
20299,San Pablo Yaganiza,San Pabl...
20296,San Pablo Macuiltianguis,San Pabl...
20297,San Pablo Tijaltepec,San Pabl...
20311,San Pedro Jaltepetongo,San Pedr...
20300,San Pedro Amuzgos,San Pedr...
20408,Santa María del Rosario,Santa Ma...
20301,San Pedro Apóstol,San Pedr...
20302,San Pedro Atoyac,San Pedr...
20304,San Pedro Coxcaltepec Cántaros,San Pedr...
20503,Santiago Zoochila,Santiago...
20381,Santa Cruz Tacache de Mina,Santa Cr...
20305,San Pedro Comitancillo,San Pedr...
20323,San Pedro Ocotepec,San Pedr...
20307,San Pedro Huamelula,San Pedr...
20308,San Pedro Huilotepec,San Pedr...
20331,San Pedro Tidaá,San Pedr...
20312,San Pedro Jicayán,San Pedr...
20313,San Pedro Jocotipac,San Pedr...
20314,San Pedro Juchatengo,San Pedr...
20332,San Pedro Topiltepec,San Pedr...
20315,San Pedro Mártir,San Pedr...
20316,San Pedro Mártir Quiechapa,San Pedr...
20317,San Pedro Mártir Yucuxaco,San Pedr...
20333,San Pedro Totolápam,San Pedr...
20319,San Pedro Mixtepec,San Pedr...
20320,San Pedro Molinos,San Pedr...
20321,San Pedro Nopala,San Pedr...
20322,San Pedro Ocopetatillo,San Pedr...
20360,Santa Ana Zegache,Santa An...
20325,San Pedro Quiatoni,San Pedr...
20362,Santa Catarina Cuixtla,Santa Ca...
20326,San Pedro Sochiápam,San Pedr...
20328,San Pedro Taviche,San Pedr...
20330,San Pedro Teutila,San Pedr...
20335,San Pedro Yaneri,San Pedr...
20336,San Pedro Yólox,San Pedr...
20339,San Pedro y San Pablo Teposcolula,San Pedr...
20341,San Pedro Yucunama,San Pedr...
20342,San Raymundo Jalpan,San Raym...
20343,San Sebastián Abasolo,San Seba...
20346,San Sebastián Nicananduta,San Seba...
20345,San Sebastián Ixcapa,San Seba...
20356,Santa Ana del Valle,Santa An...
20357,Santa Ana Tavela,Santa An...
20347,San Sebastián Río Hondo,San Seba...
20348,San Sebastián Tecomaxtlahuaca,San Seba...
20349,San Sebastián Teitipac,San Seba...
20374,Santa Cruz Acatepec,Santa Cr...
20350,San Sebastián Tutla,San Seba...
20352,San Simón Zahuatlán,San Simó...
20353,Santa Ana,Santa An...
20354,Santa Ana Ateixtlahuaca,Santa An...
20355,Santa Ana Cuauhtémoc,Santa An...
20358,Santa Ana Tlapacoyan,Santa An...
20361,Santa Catalina Quierí,Santa Ca...
20363,Santa Catarina Ixtepeji,Santa Ca...
20366,Santa Catarina Loxicha,Santa Ca...
20367,Santa Catarina Mechoacán,Santa Ca...
20368,Santa Catarina Minas,Santa Ca...
20369,Santa Catarina Quiané,Santa Ca...
20373,Santa Catarina Zapoquila,Santa Ca...
20370,Santa Catarina Tayata,Santa Ca...
20379,Santa Cruz Nundaco,Santa Cr...
20372,Santa Catarina Yosonotú,Santa Ca...
20375,Santa Cruz Amilpas,Santa Cr...
20376,Santa Cruz de Bravo,Santa Cr...
20382,Santa Cruz Tacahua,Santa Cr...
20383,Santa Cruz Tayata,Santa Cr...
20418,Santa María Jalapa del Marqués,Santa Ma...
20387,Santa Gertrudis,Santa Ge...
20384,Santa Cruz Xitla,Santa Cr...
23001,Cozumel,Cozumel...
20388,Santa Inés del Monte,Santa In...
20423,Santa María Nduayaco,Santa Ma...
24039,Tampamolón Corona,Tampamol...
20390,Santa Lucía del Camino,Santa Lu...
26042,Navojoa,Navojoa...
20391,Santa Lucía Miahuatlán,Santa Lu...
20430,Santa María Tataltepec,Santa Ma...
20392,Santa Lucía Monteverde,Santa Lu...
20393,Santa Lucía Ocotlán,Santa Lu...
20395,Santa María Apazco,Santa Ma...
20396,Santa María la Asunción,Santa Ma...
20400,Santa María Camotlán,Santa Ma...
20402,Santa María Cortijo,Santa Ma...
20432,Santa María Temaxcalapa,Santa Ma...
20403,Santa María Coyotepec,Santa Ma...
20436,Santa María Texcatitlán,Santa Ma...
20405,Villa de Chilapa de Díaz,Villa de...
20409,Santa María del Tule,Santa Ma...
20411,Santa María Guelacé,Santa Ma...
20412,Santa María Guienagati,Santa Ma...
20413,Santa María Huatulco,Santa Ma...
20414,Santa María Huazolotitlán,Santa Ma...
20415,Santa María Ipalapa,Santa Ma...
20416,Santa María Ixcatlán,Santa Ma...
20420,Santa María Lachixío,Santa Ma...
20421,Santa María Mixtequilla,Santa Ma...
20425,Santa María Pápalo,Santa Ma...
20569,Santa Inés de Zaragoza,Santa In...
20429,Santa María Sola,Santa Ma...
21070,Huatlatlauca,Huatlatl...
21071,Huauchinango,Huauchin...
20431,Santa María Tecomavaca,Santa Ma...
21210,Zapotitlán de Méndez,Zapotitl...
21211,Zaragoza,Zaragoza...
21212,Zautla,Zautla...
20433,Santa María Temaxcaltepec,Santa Ma...
20442,Santa María Yalina,Santa Ma...
21055,Chila,Chila...
21056,Chila de la Sal,Chila de...
21057,Honey,Honey...
20434,Santa María Teopoxco,Santa Ma...
20438,Santa María Tlalixtac,Santa Ma...
20440,Santa María Totolapilla,Santa Ma...
20451,Santiago Apoala,Santiago...
22015,San Joaquín,San Joaq...
22016,San Juan del Río,San Juan...
22017,Tequisquiapan,Tequisqu...
22018,Tolimán,Tolimán...
20443,Santa María Yavesía,Santa Ma...
20456,Santiago Cacaloxtepec,Santiago...
24036,Tamasopo,Tamasopo...
24037,Tamazunchale,Tamazunc...
24038,Tampacán,Tampacán...
20444,Santa María Yolotepec,Santa Ma...
20445,Santa María Yosoyúa,Santa Ma...
20446,Santa María Yucuhiti,Santa Ma...
20447,Santa María Zacatepec,Santa Ma...
20448,Santa María Zaniza,Santa Ma...
20449,Santa María Zoquitlán,Santa Ma...
20452,Santiago Apóstol,Santiago...
20462,Santiago Huajolotitlán,Santiago...
20453,Santiago Astata,Santiago...
20510,Santo Domingo Ixcatlán,Santo Do...
20454,Santiago Atitlán,Santiago...
20455,Santiago Ayuquililla,Santiago...
20458,Santiago Comaltepec,Santiago...
20461,Santiago del Río,Santiago...
20463,Santiago Huauclilla,Santiago...
20464,Santiago Ihuitlán Plumas,Santiago...
20514,Santo Domingo Roayaga,Santo Do...
20465,Santiago Ixcuintepec,Santiago...
20468,Santiago Jocotepec,Santiago...
20469,Santiago Juxtlahuaca,Santiago...
20470,Santiago Lachiguiri,Santiago...
20471,Santiago Lalopa,Santiago...
20472,Santiago Laollaga,Santiago...
20473,Santiago Laxopa,Santiago...
20474,Santiago Llano Grande,Santiago...
20518,Santo Domingo Tlatayápam,Santo Do...
20475,Santiago Matatlán,Santiago...
20478,Santiago Nacaltepec,Santiago...
20476,Santiago Miltepec,Santiago...
20483,Santiago Suchilquitongo,Santiago...
20486,Villa Tejúpam de la Unión,Villa Te...
20487,Santiago Tenango,Santiago...
20488,Santiago Tepetlapa,Santiago...
20521,Santo Domingo Tonaltepec,Santo Do...
20489,Santiago Tetepec,Santiago...
20490,Santiago Texcalcingo,Santiago...
20494,Santiago Tlazoyaltepec,Santiago...
20496,Santiago Xiacuí,Santiago...
20499,Santiago Yolomécatl,Santiago...
20504,Nuevo Zoquiápam,Nuevo Zo...
20501,Santiago Yucuyachi,Santiago...
20505,Santo Domingo Ingenio,Santo Do...
20506,Santo Domingo Albarradas,Santo Do...
20507,Santo Domingo Armenta,Santo Do...
20512,Santo Domingo Ozolotepec,Santo Do...
20519,Santo Domingo Tomaltepec,Santo Do...
20523,Santo Domingo Yanhuitlán,Santo Do...
20524,Santo Domingo Yodohino,Santo Do...
20520,Santo Domingo Tonalá,Santo Do...
20522,Santo Domingo Xagacía,Santo Do...
20527,Santos Reyes Pápalo,Santos R...
20528,Santos Reyes Tepejillo,Santos R...
20529,Santos Reyes Yucuná,Santos R...
20535,San Vicente Lachixío,San Vice...
20530,Santo Tomás Jalieza,Santo To...
20531,Santo Tomás Mazaltepec,Santo To...
20532,Santo Tomás Ocotepec,Santo To...
20533,Santo Tomás Tamazulapan,Santo To...
20536,San Vicente Nuñú,San Vice...
20538,Sitio de Xitlapehua,Sitio de...
20541,Tanetze de Zaragoza,Tanetze ...
20539,Soledad Etla,Soledad ...
20540,Villa de Tamazulápam del Progreso,Villa de...
20542,Taniche,Taniche...
20544,Teococuilco de Marcos Pérez,Teococui...
20552,Tlacotepec Plumas,Tlacotep...
20545,Teotitlán de Flores Magón,Teotitlá...
20546,Teotitlán del Valle,Teotitlá...
20547,Teotongo,Teotongo...
20550,San Jerónimo Tlacochahuaya,San Jeró...
26038,Moctezuma,Moctezum...
20551,Tlacolula de Matamoros,Tlacolul...
26039,Naco,Naco...
20553,Tlalixtac de Cabrera,Tlalixta...
20558,Valerio Trujano,Valerio ...
20560,Villa Díaz Ordaz,Villa Dí...
20554,Totontepec Villa de Morelos,Totontep...
20555,Trinidad Zaachila,Trinidad...
20556,La Trinidad Vista Hermosa,La Trini...
20561,Yaxe,Yaxe...
20557,Unión Hidalgo,Unión Hi...
20563,Yogana,Yogana...
20568,Zapotitlán Palmas,Zapotitl...
26041,Nacozari de García,Nacozari...
20564,Yutanduchi de Guerrero,Yutanduc...
21009,Ahuehuetitla,Ahuehuet...
21010,Ajalpan,Ajalpan...
21011,Albino Zertuche,Albino Z...
21012,Aljojuca,Aljojuca...
21013,Altepexi,Altepexi...
21014,Amixtlán,Amixtlán...
21015,Amozoc,Amozoc...
21016,Aquixtla,Aquixtla...
21017,Atempan,Atempan...
21018,Atexcal,Atexcal...
21019,Atlixco,Atlixco...
21020,Atoyatempan,Atoyatem...
21200,Xochiapulco,Xochiapu...
21201,Xochiltepec,Xochilte...
21202,Xochitlán de Vicente Suárez,Xochitlá...
20567,Zapotitlán Lagunas,Zapotitl...
21059,Chinantla,Chinantl...
21060,Domingo Arenas,Domingo ...
21061,Eloxochitlán,Eloxochi...
21062,Epatlán,Epatlán...
21063,Esperanza,Esperanz...
21064,Francisco Z. Mena,Francisc...
21065,General Felipe Ángeles,General ...
21066,Guadalupe,Guadalup...
21067,Guadalupe Victoria,Guadalup...
21068,Hermenegildo Galeana,Hermeneg...
21069,Huaquechula,Huaquech...
21021,Atzala,Atzala...
22001,Amealco de Bonfil,Amealco ...
21028,Camocuautla,Camocuau...
24024,Rioverde,Rioverde...
24025,Salinas,Salinas...
21030,Coatepec,Coatepec...
21032,Cohetzala,Cohetzal...
21033,Cohuecan,Cohuecan...
21203,Xochitlán Todos Santos,Xochitlá...
21204,Yaonáhuac,Yaonáhua...
21205,Yehualtepec,Yehualte...
21034,Coronango,Coronang...
21035,Coxcatlán,Coxcatlá...
21036,Coyomeapan,Coyomeap...
21037,Coyotepec,Coyotepe...
21206,Zacapala,Zacapala...
21207,Zacapoaxtla,Zacapoax...
21208,Zacatlán,Zacatlán...
21209,Zapotitlán,Zapotitl...
21038,Cuapiaxtla de Madero,Cuapiaxt...
21040,Cuautinchán,Cuautinc...
21041,Cuautlancingo,Cuautlan...
21042,Cuayuca de Andrade,Cuayuca ...
21043,Cuetzalan del Progreso,Cuetzala...
21044,Cuyoaco,Cuyoaco...
21045,Chalchicomula de Sesma,Chalchic...
21046,Chapulco,Chapulco...
21047,Chiautla,Chiautla...
21048,Chiautzingo,Chiautzi...
21049,Chiconcuautla,Chiconcu...
21050,Chichiquila,Chichiqu...
21051,Chietla,Chietla...
21052,Chigmecatitlán,Chigmeca...
21053,Chignahuapan,Chignahu...
21054,Chignautla,Chignaut...
21080,Atlequizayan,Atlequiz...
21086,Jalpan,Jalpan...
21087,Jolalpan,Jolalpan...
21088,Jonotla,Jonotla...
21089,Jopala,Jopala...
21213,Zihuateutla,Zihuateu...
26048,Puerto Peñasco,Puerto P...
21090,Juan C. Bonilla,Juan C. ...
22002,Pinal de Amoles,Pinal de...
22003,Arroyo Seco,Arroyo S...
22004,Cadereyta de Montes,Cadereyt...
22005,Colón,Colón...
22006,Corregidora,Corregid...
22007,Ezequiel Montes,Ezequiel...
22008,Huimilpan,Huimilpa...
22009,Jalpan de Serra,Jalpan d...
22010,Landa de Matamoros,Landa de...
22011,El Marqués,El Marqu...
22012,Pedro Escobedo,Pedro Es...
22013,Peñamiller,Peñamill...
22014,Querétaro,Querétar...
21091,Juan Galindo,Juan Gal...
21094,Libres,Libres...
23002,Felipe Carrillo Puerto,Felipe C...
23003,Isla Mujeres,Isla Muj...
23004,Othón P. Blanco,Othón P....
23005,Benito Juárez,Benito J...
21095,La Magdalena Tlatlauquitepec,La Magda...
21096,Mazapiltepec de Juárez,Mazapilt...
24027,San Ciro de Acosta,San Ciro...
24028,San Luis Potosí,San Luis...
24029,San Martín Chalchicuautla,San Mart...
24030,San Nicolás Tolentino,San Nico...
24031,Santa Catarina,Santa Ca...
24032,Santa María del Río,Santa Ma...
24033,Santo Domingo,Santo Do...
24034,San Vicente Tancuayalab,San Vice...
24035,Soledad de Graciano Sánchez,Soledad ...
21097,Mixtla,Mixtla...
21098,Molcaxac,Molcaxac...
21099,Cañada Morelos,Cañada M...
21100,Naupan,Naupan...
21101,Nauzontla,Nauzontl...
21102,Nealtican,Nealtica...
21103,Nicolás Bravo,Nicolás ...
21104,Nopalucan,Nopaluca...
21105,Ocotepec,Ocotepec...
21106,Ocoyucan,Ocoyucan...
21107,Olintla,Olintla...
21108,Oriental,Oriental...
21109,Pahuatlán,Pahuatlá...
21110,Palmar de Bravo,Palmar d...
21111,Pantepec,Pantepec...
21112,Petlalcingo,Petlalci...
21113,Piaxtla,Piaxtla...
21114,Puebla,Puebla...
21115,Quecholac,Quechola...
21116,Quimixtlán,Quimixtl...
24040,Tamuín,Tamuín...
24041,Tanlajás,Tanlajás...
24042,Tanquián de Escobedo,Tanquián...
24043,Tierra Nueva,Tierra N...
28026,Miquihuana,Miquihua...
21117,Rafael Lara Grajales,Rafael L...
24048,Villa de la Paz,Villa de...
29013,Huamantla,Huamantl...
29014,Hueyotlipan,Hueyotli...
29015,Ixtacuixtla de Mariano Matamoros,Ixtacuix...
21118,Los Reyes de Juárez,Los Reye...
21122,San Felipe Teotlalcingo,San Feli...
21123,San Felipe Tepatlán,San Feli...
21124,San Gabriel Chilac,San Gabr...
26001,Aconchi,Aconchi...
26002,Agua Prieta,Agua Pri...
26003,Alamos,Alamos...
26004,Altar,Altar...
21125,San Gregorio Atzompa,San Greg...
26005,Arivechi,Arivechi...
21133,San Martín Totoltepec,San Mart...
21135,San Miguel Ixitlán,San Migu...
21136,San Miguel Xoxtla,San Migu...
21137,San Nicolás Buenos Aires,San Nico...
21138,San Nicolás de los Ranchos,San Nico...
21139,San Pablo Anicano,San Pabl...
21140,San Pedro Cholula,San Pedr...
21141,San Pedro Yeloixtlahuaca,San Pedr...
21142,San Salvador el Seco,San Salv...
21144,San Salvador Huixcolotla,San Salv...
21146,Santa Catarina Tlaltempan,Santa Ca...
21147,Santa Inés Ahuatempan,Santa In...
21148,Santa Isabel Cholula,Santa Is...
21149,Santiago Miahuatlán,Santiago...
21150,Huehuetlán el Grande,Huehuetl...
26061,Soyopa,Soyopa...
26062,Suaqui Grande,Suaqui G...
21151,Santo Tomás Hueyotlipan,Santo To...
26027,Fronteras,Frontera...
21171,Tepeyahualco de Cuauhtémoc,Tepeyahu...
21177,Tlacotepec de Benito Juárez,Tlacotep...
21178,Tlacuilotepec,Tlacuilo...
21179,Tlachichuca,Tlachich...
21180,Tlahuapan,Tlahuapa...
21181,Tlaltenango,Tlaltena...
21182,Tlanepantla,Tlanepan...
21184,Tlapacoya,Tlapacoy...
21185,Tlapanalá,Tlapanal...
21186,Tlatlauquitepec,Tlatlauq...
21187,Tlaxco,Tlaxco...
21188,Tochimilco,Tochimil...
21189,Tochtepec,Tochtepe...
21190,Totoltepec de Guerrero,Totoltep...
21191,Tulcingo,Tulcingo...
21192,Tuzamapan de Galeana,Tuzamapa...
21193,Tzicatlacoyan,Tzicatla...
21194,Venustiano Carranza,Venustia...
21195,Vicente Guerrero,Vicente ...
21196,Xayacatlán de Bravo,Xayacatl...
21197,Xicotepec,Xicotepe...
21198,Xicotlán,Xicotlán...
21199,Xiutetelco,Xiutetel...
21214,Zinacatepec,Zinacate...
21215,Zongozotla,Zongozot...
21216,Zoquiapan,Zoquiapa...
21217,Zoquitlán,Zoquitlá...
23006,José María Morelos,José Mar...
23011,Puerto Morelos,Puerto M...
24005,Cárdenas,Cárdenas...
24006,Catorce,Catorce...
26063,Tepache,Tepache...
24007,Cedral,Cedral...
26028,Granados,Granados...
24018,Huehuetlán,Huehuetl...
24019,Lagunillas,Lagunill...
24020,Matehuala,Matehual...
24021,Mexquitic de Carmona,Mexquiti...
24022,Moctezuma,Moctezum...
24023,Rayón,Rayón...
24044,Vanegas,Vanegas...
24045,Venado,Venado...
24049,Villa de Ramos,Villa de...
24050,Villa de Reyes,Villa de...
24055,Zaragoza,Zaragoza...
24056,Villa de Arista,Villa de...
26010,Bacerac,Bacerac...
24058,El Naranjo,El Naran...
25006,Culiacán,Culiacán...
25007,Choix,Choix...
25008,Elota,Elota...
25009,Escuinapa,Escuinap...
25010,El Fuerte,El Fuert...
25011,Guasave,Guasave...
25012,Mazatlán,Mazatlán...
25013,Mocorito,Mocorito...
25014,Rosario,Rosario...
25015,Salvador Alvarado,Salvador...
25016,San Ignacio,San Igna...
25017,Sinaloa,Sinaloa...
25018,Navolato,Navolato...
26007,Atil,Atil...
26011,Bacoachi,Bacoachi...
26014,Baviácora,Baviácor...
26017,Caborca,Caborca...
26018,Cajeme,Cajeme...
26009,Bacanora,Bacanora...
26019,Cananea,Cananea...
26023,Cumpas,Cumpas...
26020,Carbó,Carbó...
26021,La Colorada,La Color...
26032,Huásabas,Huásabas...
26034,Huépac,Huépac...
26035,Imuris,Imuris...
26037,Mazatán,Mazatán...
26043,Nogales,Nogales...
26044,Onavas,Onavas...
26046,Oquitoa,Oquitoa...
26047,Pitiquito,Pitiquit...
26050,Rayón,Rayón...
26053,San Felipe de Jesús,San Feli...
26054,San Javier,San Javi...
26067,Villa Hidalgo,Villa Hi...
26056,San Miguel de Horcasitas,San Migu...
26068,Villa Pesqueira,Villa Pe...
26057,San Pedro de la Cueva,San Pedr...
26059,Santa Cruz,Santa Cr...
26060,Sáric,Sáric...
28028,Nuevo Morelos,Nuevo Mo...
26065,Tubutama,Tubutama...
28036,San Nicolás,San Nico...
26066,Ures,Ures...
26070,General Plutarco Elías Calles,General ...
27006,Cunduacán,Cunduacá...
27007,Emiliano Zapata,Emiliano...
27008,Huimanguillo,Huimangu...
27009,Jalapa,Jalapa...
27010,Jalpa de Méndez,Jalpa de...
27011,Jonuta,Jonuta...
27012,Macuspana,Macuspan...
27013,Nacajuca,Nacajuca...
27014,Paraíso,Paraíso...
27015,Tacotalpa,Tacotalp...
27016,Teapa,Teapa...
27017,Tenosique,Tenosiqu...
28001,Abasolo,Abasolo...
28002,Aldama,Aldama...
28003,Altamira,Altamira...
28004,Antiguo Morelos,Antiguo ...
28006,Bustamante,Bustaman...
28009,Ciudad Madero,Ciudad M...
28017,Jaumave,Jaumave...
29054,San Lorenzo Axocomanitla,San Lore...
29055,San Lucas Tecopilco,San Luca...
29045,Benito Juárez,Benito J...
30009,Alto Lucero de Gutiérrez Barrios,Alto Luc...
30041,Coetzala,Coetzala...
28018,Jiménez,Jiménez...
30077,Isla,Isla...
28019,Llera,Llera...
28020,Mainero,Mainero...
28021,El Mante,El Mante...
28022,Matamoros,Matamoro...
28023,Méndez,Méndez...
28024,Mier,Mier...
28025,Miguel Alemán,Miguel A...
30108,Minatitlán,Minatitl...
28029,Ocampo,Ocampo...
28031,Palmillas,Palmilla...
30117,Omealca,Omealca...
28040,Valle Hermoso,Valle He...
30133,Pueblo Viejo,Pueblo V...
30134,Puente Nacional,Puente N...
30135,Rafael Delgado,Rafael D...
28041,Victoria,Victoria...
28043,Xicoténcatl,Xicoténc...
29001,Amaxac de Guerrero,Amaxac d...
29002,Apetatitlán de Antonio Carvajal,Apetatit...
29003,Atlangatepec,Atlangat...
29004,Atltzayanca,Atltzaya...
29005,Apizaco,Apizaco...
29006,Calpulalpan,Calpulal...
29007,El Carmen Tequexquitla,El Carme...
29008,Cuapiaxtla,Cuapiaxt...
29009,Cuaxomulco,Cuaxomul...
29010,Chiautempan,Chiautem...
29011,Muñoz de Domingo Arenas,Muñoz de...
29012,Españita,Españita...
29019,Tepetitla de Lardizábal,Tepetitl...
30160,Álamo Temapache,Álamo Te...
30161,Tempoal,Tempoal...
30162,Tenampa,Tenampa...
30163,Tenochtitlán,Tenochti...
29027,Tenancingo,Tenancin...
29032,Tetlatlahuca,Tetlatla...
29033,Tlaxcala,Tlaxcala...
29034,Tlaxco,Tlaxco...
29035,Tocatlán,Tocatlán...
29042,Xicohtzinco,Xicohtzi...
31016,Chacsinkín,Chacsink...
31018,Chapab,Chapab...
31019,Chemax,Chemax...
29049,San Damián Texóloc,San Dami...
29051,San Jerónimo Zacualpan,San Jeró...
29053,San Juan Huactzinco,San Juan...
29057,Santa Apolonia Teacalco,Santa Ap...
29058,Santa Catarina Ayometla,Santa Ca...
29059,Santa Cruz Quilehtla,Santa Cr...
31049,Mayapán,Mayapán...
29056,Santa Ana Nopalucan,Santa An...
30001,Acajete,Acajete...
31102,Valladolid,Valladol...
30002,Acatlán,Acatlán...
30003,Acayucan,Acayucan...
30004,Actopan,Actopan...
30005,Acula,Acula...
30006,Acultzingo,Acultzin...
30007,Camarón de Tejeda,Camarón ...
30008,Alpatláhuac,Alpatláh...
30018,Aquila,Aquila...
30030,Camerino Z. Mendoza,Camerino...
30031,Carrillo Puerto,Carrillo...
30032,Catemaco,Catemaco...
30033,Cazones de Herrera,Cazones ...
30034,Cerro Azul,Cerro Az...
30035,Citlaltépetl,Citlalté...
30036,Coacoatzintla,Coacoatz...
30037,Coahuitlán,Coahuitl...
30038,Coatepec,Coatepec...
30039,Coatzacoalcos,Coatzaco...
30040,Coatzintla,Coatzint...
32015,El Plateado de Joaquín Amaro,El Plate...
31020,Chicxulub Pueblo,Chicxulu...
31005,Bokobá,Bokobá...
30064,Chumatlán,Chumatlá...
30074,Huiloapan de Cuauhtémoc,Huiloapa...
30075,Ignacio de la Llave,Ignacio ...
30076,Ilamatlán,Ilamatlá...
30098,Magdalena,Magdalen...
30099,Maltrata,Maltrata...
30100,Manlio Fabio Altamirano,Manlio F...
30101,Mariano Escobedo,Mariano ...
30102,Martínez de la Torre,Martínez...
30103,Mecatlán,Mecatlán...
30104,Mecayapan,Mecayapa...
30105,Medellín de Bravo,Medellín...
30106,Miahuatlán,Miahuatl...
30107,Las Minas,Las Mina...
30116,Oluta,Oluta...
30120,Oteapan,Oteapan...
30121,Ozuluama de Mascareñas,Ozuluama...
30122,Pajapan,Pajapan...
30123,Pánuco,Pánuco...
30124,Papantla,Papantla...
30125,Paso del Macho,Paso del...
30126,Paso de Ovejas,Paso de ...
30127,La Perla,La Perla...
30128,Perote,Perote...
30129,Platón Sánchez,Platón S...
30130,Playa Vicente,Playa Vi...
30131,Poza Rica de Hidalgo,Poza Ric...
30132,Las Vigas de Ramírez,Las Viga...
30136,Rafael Lucio,Rafael L...
30138,Río Blanco,Río Blan...
30140,San Andrés Tenejapan,San Andr...
30141,San Andrés Tuxtla,San Andr...
30142,San Juan Evangelista,San Juan...
30143,Santiago Tuxtla,Santiago...
30144,Sayula de Alemán,Sayula d...
30145,Soconusco,Soconusc...
30146,Sochiapa,Sochiapa...
30147,Soledad Atzompa,Soledad ...
30148,Soledad de Doblado,Soledad ...
30149,Soteapan,Soteapan...
30150,Tamalín,Tamalín...
30151,Tamiahua,Tamiahua...
30152,Tampico Alto,Tampico ...
30153,Tancoco,Tancoco...
30154,Tantima,Tantima...
30155,Tantoyuca,Tantoyuc...
30156,Tatatila,Tatatila...
30157,Castillo de Teayo,Castillo...
30158,Tecolutla,Tecolutl...
30159,Tehuipango,Tehuipan...
30185,Tlilapan,Tlilapan...
30190,Tuxtilla,Tuxtilla...
30192,Vega de Alatorre,Vega de ...
30193,Veracruz,Veracruz...
30194,Villa Aldama,Villa Al...
30195,Xoxocotla,Xoxocotl...
30199,Zaragoza,Zaragoza...
30206,Nanchital de Lázaro Cárdenas del Río,Nanchita...
31001,Abalá,Abalá...
31003,Akil,Akil...
31004,Baca,Baca...
31007,Cacalchén,Cacalché...
31009,Cansahcab,Cansahca...
31010,Cantamayec,Cantamay...
31012,Cenotillo,Cenotill...
31013,Conkal,Conkal...
31015,Cuzamá,Cuzamá...
31022,Chikindzonot,Chikindz...
31023,Chocholá,Chocholá...
31024,Chumayel,Chumayel...
31055,Opichén,Opichén...
31025,Dzán,Dzán...
31026,Dzemul,Dzemul...
31027,Dzidzantún,Dzidzant...
31031,Dzoncauich,Dzoncaui...
31033,Halachó,Halachó...
31035,Hoctún,Hoctún...
31037,Huhí,Huhí...
31039,Ixil,Ixil...
31042,Kantunil,Kantunil...
31064,Sanahcat,Sanahcat...
31065,San Felipe,San Feli...
31043,Kaua,Kaua...
31044,Kinchil,Kinchil...
31045,Kopomá,Kopomá...
31046,Mama,Mama...
31051,Mocochá,Mocochá...
31053,Muna,Muna...
31100,Ucú,Ucú...
31101,Umán,Umán...
31054,Muxupip,Muxupip...
31060,Quintana Roo,Quintana...
32033,Moyahua de Estrada,Moyahua ...
32034,Nochistlán de Mejía,Nochistl...
32035,Noria de Ángeles,Noria de...
32036,Ojocaliente,Ojocalie...
32037,Pánuco,Pánuco...
32038,Pinos,Pinos...
32039,Río Grande,Río Gran...
32040,Sain Alto,Sain Alt...
31063,Samahil,Samahil...
31066,Santa Elena,Santa El...
32057,Trancoso,Trancoso...
31068,Sinanché,Sinanché...
31070,Sucilá,Sucilá...
31072,Suma,Suma...
31073,Tahdziú,Tahdziú...
31074,Tahmek,Tahmek...
31075,Teabo,Teabo...
31076,Tecoh,Tecoh...
31077,Tekal de Venegas,Tekal de...
31078,Tekantó,Tekantó...
31080,Tekit,Tekit...
31082,Telchac Pueblo,Telchac ...
31083,Telchac Puerto,Telchac ...
31086,Tepakán,Tepakán...
31087,Tetiz,Tetiz...
31088,Teya,Teya...
31094,Tixmehuac,Tixmehua...
31095,Tixpéhual,Tixpéhua...
31097,Tunkás,Tunkás...
31105,Yaxkukul,Yaxkukul...
31106,Yobaín,Yobaín...
32004,Benito Juárez,Benito J...
32005,Calera,Calera...
32006,Cañitas de Felipe Pescador,Cañitas ...
32007,Concepción del Oro,Concepci...
32008,Cuauhtémoc,Cuauhtém...
32009,Chalchihuites,Chalchih...
32010,Fresnillo,Fresnill...
32011,Trinidad García de la Cadena,Trinidad...
32012,Genaro Codina,Genaro C...
32013,General Enrique Estrada,General ...
32014,General Francisco R. Murguía,General ...
32041,El Salvador,El Salva...
32058,Santa María de la Paz,Santa Ma...
09003,Coyoacán,Coyoacán...
09004,Cuajimalpa de Morelos,Cuajimal...
09005,Gustavo A. Madero,Gustavo ...
09006,Iztacalco,Iztacalc...
09007,Iztapalapa,Iztapala...
09008,La Magdalena Contreras,La Magda...
09009,Milpa Alta,Milpa Al...
09010,Álvaro Obregón,Álvaro O...
09011,Tláhuac,Tláhuac...
09012,Tlalpan,Tlalpan...
09013,Xochimilco,Xochimil...
09002,Azcapotzalco,Azcapotz...
09014,Benito Juárez,Benito J...
09015,Cuauhtémoc,Cuauhtém...
09016,Miguel Hidalgo,Miguel H...
09017,Venustiano Carranza,Venustia...
