c,orden,portada,id,nombre,categoria,instituciones,investigadores,tecnicos,descripcion
1,1,portada-ama.png,ama,Modelo AMMA,Modelos Matemáticos,"cimat,im,ucdavis","jacg,ack,maco,mldt","jev,omgv","Es un modelo dinámico tipo SEIRD (el cual considera personas: Susceptibles, Expuestas, Infectadas, Recuperadas y Defunciones), basado en inferencia bayesiana de asimilación secuencial de datos. <p>Actualmente este modelo permite estimar el aumento o disminución del número de casos de la enfermedad, a nivel de entidad federativa y para la Zona Metropolitana del Valle de México, a partir de los registros de  casos confirmados diarios, defunciones acumuladas y demanda hospitalaria diaria (camas normales y de unidades de cuidados intensivos), publicados por la Secretaría de Salud.</p> <p>El modelo ha sido desarrollado por Andrés Christen y Marcos Capistrán del CIMAT-CONACYT, junto con María Luisa Daza-Torres de la U.C. DAVIS y Antonio Capella del Instituto de Matemáticas de la UNAM. El nombre “AMMA” corresponde a las suma de sus iniciales de sus desarrolladores.</p>"
1,2,portada-gompertz.png,gompertz,Modelo Gompertz,Modelos Matemáticos,cimat,"ggf,rrq,dirg",,"Elaborado por Rogelio Ramos y Graciela González del CIMAT-CONACYT, es un modelo flexible que permite proyectar regiones en diferentes etapas de la pandemia, además de ser adaptable al permitir incorporar intervenciones. Este modelo sigue la dinámica de su ecuación diferencial correspondiente, por lo que fue tomado como un modelo empírico con propiedades afines al comportamiento de una epidemia."
1,3,portada-rt.png,rt,Estimación de la Tasa Efectiva de Reproducción (Rt) para COVID-19 para los Estados y Zonas Metropolitanas de México,Modelos Matemáticos,cimat,"ggf,dirg,jumu",,"En este proyecto desarrollado por el CIMAT-CONACYT, se presentan las estimaciones de la tasa efectiva de reproducción Rt para cada una de las entidades de México, así como para las 25 Zonas Metropolitanas con mayor número de casos confirmados. La Rt es un indicador del promedio de personas que son contagiadas por cada persona infectada con COVID-19, durante el periodo infeccioso. La estimación de esta tasa contribuye a monitorear la evolución local de la epidemia y el efecto de medidas de intervención."
1,4,rt-mov-model.jpg,rt_movilidad,Predicción de R(t) usando movilidad,Modelos Matemáticos,"cimat,infotec","ggf,mgg,jumu",,"La predicción a la mediana R(t) (<a href='https://doi.org/10.1093/aje/kwt133' target='_blank'>ir al documento implementado por J. Andres Christen</a>) se construye a partir de un modelo autorregresivo de media móvil (ARMA por sus siglas en inglés), que tiene como variable exógena el índice de movilidad de Google (o movilidad de Twitter, cuando el índice Google no se encuentra disponible). En este modelo los cambios en los patrones de movilidad se ven reflejados con un adelanto de 7 días, a partir de la última fecha de actualización. El modelo ARMA permite hacer una predicción o estimación habiendo sido entrenado con datos medidos, en este caso se usa la información de las últimas 9 semanas. Para cada serie de tiempo o estado, los parámetros de un modelo ARMA son optimizados mediante el Criterio de Información Bayesiano de selección de modelos (BIC, por sus siglas en inglés)."
1,5,tendencia.png,tendencia,Tendencias de Curvas Epidémicas de Casos Nuevos de Síndrome COVID-19 y de Ocupación de Camas y decesos en la Red IRAG,Modelos Matemáticos,cimat,"jev,jpa,isb","jlsv,dirg","<p>El trabajo desarrollado consiste en el análisis de la tendencia que tienen las siguientes variables de observación relacionados con la epidemia de COVID-19 en México:</p><ul><li>Número de casos nuevos diarios de síndrome COVID-19</li><li>Número de decesos nuevos diarios en la Red IRAG</li><li>Ocupación diaria de camas IRAG</li></ul><p><br>El análisis se hace para las series de tiempo de cada entidad federativa y zonas metropolitanas de la república mexicana. La tendencia se categoriza en </p><ul><li>Ascendente, que indica un crecimiento rápido de los valores.</li><li>Ascendente moderada.</li><li>Estable, que indica un cambio lento (incremento o decremento) de los valores por lo que permanecen en el mismo rango en un corto plazo.</li><li>Descendente moderada.</li><li>Descendente, que indica un decrecimiento rápido de los valores.</li></ul><p><br>Los resultados son utilizados como uno de los insumos en el Semáforo de Riesgo epidemiológico para transitar hacia una nueva normalidad, el cual es un sistema de monitoreo para la regulación del uso del espacio público de acuerdo con el riesgo de contagio de COVID-19 regulado por la Secretaría de Salud.</p>"
1,6,folder.png,compartimental,Calculadora Epidemiológica,Modelos Matemáticos,cimat,"lrr,ggf","dirg,jagr","Esta calculadora para las zonas metropolitanas se  basa en un modelo compartimental, donde cada individuo de una población cerrada es clasificado dentro de un grupo, de acuerdo con el desarrollo de la enfermedad y su estado de salud. La dinámica de la dispersión del agente infeccioso está dada por un sistema de ecuaciones diferenciales ordinarias."
1,7,portada-movilidad.png,movilidad,Índice de Movilidad,Análisis Geográficos,"infotec,centrogeo","mgg,ogss,damo,eta,smj",,"Las medidas tomadas durante la Jornada Nacional de Sana Distancia (JNSD), que empezó el 23 de marzo del 2020, tienen la finalidad de disminuir el riesgo de propagación del COVID-19, mediante el distanciamiento social. Por lo anterior, es pertinente contar con medidas relacionadas al distanciamiento social, como parte del análisis del impacto de la JNSD. Una manera de medir el distanciamiento social, es estimar la movilidad de las personas, algunas de las fuentes utilizadas, para estimarla, son las redes sociales. Este proyecto utiliza la información de tres redes sociales, Facebook, Google y Twitter, para medir la movilidad previa, durante y después de la JNSD, para cada estado. El índice de movilidad fue desarrollado por el equipo INGEOTEC conformado por investigadores de Infotec-CONACYT y del Centro Geo-CONACYT, liderados por Mario Graff."
1,8,portada-vulnerabilidad.png,vulnerabilidad_pca_pls,Índice de Vulnerabilidad Municipal a COVID-19,Análisis Geográficos,"conabio,cimat","rsa,ggf,plr",,"El índice de vulnerabilidad fue desarrollado por Raúl Sierra Alcocer de CONABIO en colaboración con Graciela González del CIMAT-CONACYT y Pablo López del CentroGeo-CONACYT. Éste busca explicar la relación de indicadores de pobreza, rezago social, mortalidad e infraestructura de salud, con la letalidad de COVID-19. En particular, es una herramienta para identificar el riesgo potencial en poblaciones donde no hay registros de casos o hay muy pocos."
1,9,portada-sigcovid.png,sigcovid,Explorador de vulnerabilidad social SIGCOVID,Análisis Geográficos,centrogeo,"ogss,plr,kgz","erhp,idsm,umr,glfe,jlup,sage","Dirigida a usuarios que quieran profundizar en cómo se construye en el espacio la vulnerabilidad social frente a la pandemia. Esta herramienta permite explorar, de forma interactiva, el conjunto de variables que construyen un índice de vulnerabilidad a través de mapas y gráficas. Los usuarios pueden consultar información sobre las dimensiones de la vulnerabilidad a lo largo de diferentes escalas: desde las localidades, hasta el país entero. El sistema permite visualizar la vulnerabilidad en diferentes integraciones geográficas, partiendo de las divisiones administrativas o de las regiones metropolitanas."
1,10,folder.png,regionalizacion,Análisis Regionalizado,Análisis Geográficos,"conacyt,centrogeo,inegi","plr,ogss,eav",,"La construcción de estrategias diferenciadas en el territorio para atender la pandemia de COVID19, requiere incorporar la forma en que los habitantes del país se mueven para realizar sus actividades cotidianas. A partir de los datos de movilidad de redes sociales, es posible construir una gráfica que represente la conectividad entre los municipios del país. Los datos capturan los movimientos de los usuarios y, para mantener en anonimato, la referencia espacial mínima es la localidad, de esta forma se obtiene una gráfica de conectividad ponderada por el número de usuarios que se mueven entre localidades. A partir de esta gráfica, utilizando el algoritmo Louvain de detección de comunidades, se encontraron regiones del país caracterizadas porque la conectividad, es decir el flujo de personas, al interior de cada región es mayor que el flujo de personas hacia el exterior. Estas regiones funcionales pueden servir para entender cómo será el movimiento de los habitantes conforme vayamos transitando a la nueva normalidad. "
1,11,folder.png,conglomerados,Análisis de conglomerados espaciales de casos confirmados de COVID-19,Análisis Geográficos,centrogeo,"plr,ogss","jmsm,kgz","Un insumo importante, para la toma de decisiones es la identificación de los núcleos locales de difusión de la pandemia. Entender la evolución de la enfermedad en cada municipio y su relación con municipios vecinos, es de gran utilidad, para la definición de estrategias locales de contención. Mientras que, la evolución temporal de los núcleos de dispersión es útil, para evaluar el estado del regreso a la normalidad y la relajación de las medidas de distanciamiento social. El análisis de conglomerados locales, permite identificar dos tipos de núcleos locales: 1) hotspots o regiones de alto contagio y 2) coldspots o regiones de bajo contagio. Su principal aporte es la visualización de zonas de transición, logrando identificar municipios con altos contagios, que se encuentran rodeados de municipios de bajos contagios (o viceversa), información primordial en los procesos de toma de decisiones para las distintas etapas de la contingencia. "
1,12,folder.png,exploratorios,Análisis exploratorios,Análisis Geográficos,"conacyt,centrogeo,cimat,infotec,inegi,conabio","mgg,plr,rsa,jev,eav,ggf,ogss",,Análisis exploratorios para la generación de insumos para los diversos proyectos presentes en este micrositio
1,13,portada-tableros.jpg,tablero,Tablero de Datos Coronavirus,Tableros Informativos,"conacyt,centrogeo","plr,ogss",,"Los tableros de datos sobre la información del Coronavirus, publicados en la plataforma oficial del Gobierno de México, fueron desarrollados por el equipo del Centro Geo-CONACYT, integrado por Pablo López y Oscar Siordia. Tienen como objetivo transmitir, de forma amigable, la información relativa al comportamiento de la pandemia en el territorio nacional."
1,14,portada-repositorios.png,repositorio,Repositorio COVID-19,Repositorios,"conacyt,infotec","bpj,jlc,jemf,jmgu,javg,jah,rhv,tas,zll",,"Es el medio de Acceso Abierto que el Consejo Nacional de Ciencia y Tecnología ha habilitado para la consulta de recursos de información de libre acceso sobre el COVID-19. Este repositorio busca poner a disposición del público en general, los recursos de información derivados de las investigaciones en todo el mundo referentes a esta epidemia global, con la intención de informar a la sociedad con materiales de consulta y artículos científicos de calidad sobre este tema, provenientes de diversas editoriales y fuentes que han abierto los resultados y recursos preliminares de las investigaciones para enfrentar esta situación como se requiere: compartiendo el conocimiento."
1,15,portada-hospitalaria.jpg,atencion_hospitalaria,Tiempo de atención hospitalaria ante Covid-19,Análisis Geográficos,conacyt,,,"Este reporte contiene una serie de mapas que muestran distintos aspectos de la atención hospitalaria a pacientes que presentaron síntomas de COVID-19. Se divide en dos partes, en la primera se presenta el tiempo promedio entre las siguientes fechas: síntomas-ingreso, ingreso-resultado, ingreso-alta, ingreso-defunción, resultado-alta, y resultado-defunción. En la segunda parte se muestran datos acumulados y por semana epidemiológica del tiempo promedio entre fecha de ingreso y resultado de personas hospitalizadas y no hospitalizadas."
