orden,area,id,fecha,tipo,proyecto,autores,archivo,titulo,descripcion
13,tendencia,431,05/07/2021,Reporte tendencia,tendencia,"jev,jpa,isb",210705ReporteTendenciaSemanal.pdf,Tendencias de Curvas Epidémicas de Casos Nuevos y Mortalidad de COVID-19,
15,amma3,430,01/07/2021,Reporte Modelo AMMA-3,ama,"maco,ack,jacg,mldt",Reporte AMMA-3 2021-07-01.pdf,Modelo AMMA-3 Informe,Proyecciones 01 de julio de 2021
8,rt,429,30/06/2021,Reporte,rt,"ggf,dirg",CIMAT_EstimacionRTCOVID_210630.pdf,Estimaciones de la Tasa de Reproducción Efectiva Rt de COVID-19 para los Estados y Zonas Metropolitanas de México,Estimaciones de la Tasa de Reproducción Efectiva Rt de COVID-19 para los Estados y Zonas Metropolitanas de México al 30 de junio de 2021
7,gompertz2,428,30/06/2021,Reporte Gompertz-2,gompertz,"ggf,rrq,dirg",CIMAT_Gompertz_210630.pdf,Estimaciones del Modelo Gompertz-2 para los Estados y Zonas Metropolitanas de México,Estimaciones del Modelo Gompertz para los Estados y Zonas Metropolitanas de México al 30 de junio de 2021
11,hospitalaria,427,30/06/2021,Reporte,atencion_hospitalaria,,tiempo-atencion-hospitalaria-2021-06-30.pptx,Tiempo de atención hospitalaria ante Covid-19,Reporte 30 de junio de 2021
13,tendencia,426,28/06/2021,Reporte tendencia,tendencia,"jev,jpa,isb",210628ReporteTendenciaSemanal.pdf,Tendencias de Curvas Epidémicas de Casos Nuevos y Mortalidad de COVID-19,
15,amma3,425,24/06/2021,Reporte Modelo AMMA-3,ama,"maco,ack,jacg,mldt",Reporte AMMA-3 2021-06-24.pdf,Modelo AMMA-3 Informe,Proyecciones 24 de junio de 2021
11,hospitalaria,424,23/06/2021,Reporte,atencion_hospitalaria,,tiempo-atencion-hospitalaria-2021-06-23.pptx,Tiempo de atención hospitalaria ante Covid-19,Reporte 23 de junio de 2021
8,rt,423,23/06/2021,Reporte,rt,"ggf,dirg",CIMAT_EstimacionRTCOVID_210623.pdf,Estimaciones de la Tasa de Reproducción Efectiva Rt de COVID-19 para los Estados y Zonas Metropolitanas de México,Estimaciones de la Tasa de Reproducción Efectiva Rt de COVID-19 para los Estados y Zonas Metropolitanas de México al 23 de junio de 2021
7,gompertz2,422,23/06/2021,Reporte Gompertz-2,gompertz,"ggf,rrq,dirg",CIMAT_Gompertz_210623.pdf,Estimaciones del Modelo Gompertz-2 para los Estados y Zonas Metropolitanas de México,Estimaciones del Modelo Gompertz para los Estados y Zonas Metropolitanas de México al 23 de junio de 2021
13,tendencia,421,21/06/2021,Reporte tendencia,tendencia,"jev,jpa,isb",210621ReporteTendenciaSemanal.pdf,Tendencias de Curvas Epidémicas de Casos Nuevos y Mortalidad de COVID-19,
10,movilidad2,420,21/06/2021,Reporte Movilidad-2,movilidad,mgg,Movilidad_COVID19-2021-06-21.pdf,"Medición de Movilidad-2 usando Facebook, Google y Twitter. Informe 2",
15,amma3,419,17/06/2021,Reporte Modelo AMMA-3,ama,"maco,ack,jacg,mldt",Reporte AMMA-3 2021-06-17.pdf,Modelo AMMA-3 Informe,Proyecciones 17 de junio de 2021
8,rt,418,16/06/2021,Reporte,rt,"ggf,dirg",CIMAT_EstimacionRTCOVID_210616.pdf,Estimaciones de la Tasa de Reproducción Efectiva Rt de COVID-19 para los Estados y Zonas Metropolitanas de México,Estimaciones de la Tasa de Reproducción Efectiva Rt de COVID-19 para los Estados y Zonas Metropolitanas de México al 16 de junio de 2021
7,gompertz2,417,16/06/2021,Reporte Gompertz-2,gompertz,"ggf,rrq,dirg",CIMAT_Gompertz_210616.pdf,Estimaciones del Modelo Gompertz-2 para los Estados y Zonas Metropolitanas de México,Estimaciones del Modelo Gompertz para los Estados y Zonas Metropolitanas de México al 16 de junio de 2021
11,hospitalaria,416,16/06/2021,Reporte,atencion_hospitalaria,,tiempo-atencion-hospitalaria-2021-06-16.pptx,Tiempo de atención hospitalaria ante Covid-19,Reporte 16 de junio de 2021
10,movilidad2,415,14/06/2021,Reporte Movilidad-2,movilidad,mgg,Movilidad_COVID19-2021-06-14.pdf,"Medición de Movilidad-2 usando Facebook, Google y Twitter. Informe 2",
13,tendencia,414,14/06/2021,Reporte tendencia,tendencia,"jev,jpa,isb",210614ReporteTendenciaSemanal.pdf,Tendencias de Curvas Epidémicas de Casos Nuevos y Mortalidad de COVID-19,
15,amma3,413,10/06/2021,Reporte Modelo AMMA-3,ama,"maco,ack,jacg,mldt",Reporte AMMA-3 2021-06-10.pdf,Modelo AMMA-3 Informe,Proyecciones 10 de junio de 2021
8,rt,412,09/06/2021,Reporte,rt,"ggf,dirg",CIMAT_EstimacionRTCOVID_210609.pdf,Estimaciones de la Tasa de Reproducción Efectiva Rt de COVID-19 para los Estados y Zonas Metropolitanas de México,Estimaciones de la Tasa de Reproducción Efectiva Rt de COVID-19 para los Estados y Zonas Metropolitanas de México al 09 de junio de 2021
7,gompertz2,411,09/06/2021,Reporte Gompertz-2,gompertz,"ggf,rrq,dirg",CIMAT_Gompertz_210609.pdf,Estimaciones del Modelo Gompertz-2 para los Estados y Zonas Metropolitanas de México,Estimaciones del Modelo Gompertz para los Estados y Zonas Metropolitanas de México al 09 de junio de 2021
3,preprintamma3,410,31/05/2021,Preprint,ama,"maco,ack,jacg,mldt",preprint_amma3_v2.pdf,Bayesian sequential data assimilation for COVID–19 forecasting,
11,hospitalaria,409,09/06/2021,Reporte,atencion_hospitalaria,,tiempo-atencion-hospitalaria-2021-06-09.pptx,Tiempo de atención hospitalaria ante Covid-19,Reporte 09 de junio de 2021
13,tendencia,408,07/06/2021,Reporte tendencia,tendencia,"jev,jpa,isb",210607ReporteTendenciaSemanal.pdf,Tendencias de Curvas Epidémicas de Casos Nuevos y Mortalidad de COVID-19,
15,amma3,407,03/06/2021,Reporte Modelo AMMA-3,ama,"maco,ack,jacg,mldt",Reporte AMMA-3 2021-06-03.pdf,Modelo AMMA-3 Informe,Proyecciones 03 de junio de 2021
8,rt,406,02/06/2021,Reporte,rt,"ggf,dirg",CIMAT_EstimacionRTCOVID_210602.pdf,Estimaciones de la Tasa de Reproducción Efectiva Rt de COVID-19 para los Estados y Zonas Metropolitanas de México,Estimaciones de la Tasa de Reproducción Efectiva Rt de COVID-19 para los Estados y Zonas Metropolitanas de México al 02 de junio de 2021
7,gompertz2,405,02/06/2021,Reporte Gompertz-2,gompertz,"ggf,rrq,dirg",CIMAT_Gompertz_210602.pdf,Estimaciones del Modelo Gompertz-2 para los Estados y Zonas Metropolitanas de México,Estimaciones del Modelo Gompertz para los Estados y Zonas Metropolitanas de México al 02 de junio de 2021
11,hospitalaria,404,02/06/2021,Reporte,atencion_hospitalaria,,tiempo-atencion-hospitalaria-2021-06-02.pptx,Tiempo de atención hospitalaria ante Covid-19,Reporte 02 de junio de 2021
13,tendencia,403,31/05/2021,Reporte tendencia,tendencia,"jev,jpa,isb",210531ReporteTendenciaSemanal.pdf,Tendencias de Curvas Epidémicas de Casos Nuevos y Mortalidad de COVID-19,
15,amma3,402,27/05/2021,Reporte Modelo AMMA-3,ama,"maco,ack,jacg,mldt",Reporte AMMA-3 2021-05-27.pdf,Modelo AMMA-3 Informe,Proyecciones 27 de mayo de 2021
8,rt,401,26/05/2021,Reporte,rt,"ggf,dirg",CIMAT_EstimacionRTCOVID_210526.pdf,Estimaciones de la Tasa de Reproducción Efectiva Rt de COVID-19 para los Estados y Zonas Metropolitanas de México,Estimaciones de la Tasa de Reproducción Efectiva Rt de COVID-19 para los Estados y Zonas Metropolitanas de México al 26 de mayo de 2021
7,gompertz2,400,26/05/2021,Reporte Gompertz-2,gompertz,"ggf,rrq,dirg",CIMAT_Gompertz_210526.pdf,Estimaciones del Modelo Gompertz-2 para los Estados y Zonas Metropolitanas de México,Estimaciones del Modelo Gompertz para los Estados y Zonas Metropolitanas de México al 26 de mayo de 2021
11,hospitalaria,399,26/05/2021,Reporte,atencion_hospitalaria,,tiempo-atencion-hospitalaria-2021-05-26.pptx,Tiempo de atención hospitalaria ante Covid-19,Reporte 26 de mayo de 2021
13,tendencia,398,24/05/2021,Reporte tendencia,tendencia,"jev,jpa,isb",210524ReporteTendenciaSemanal.pdf,Tendencias de Curvas Epidémicas de Casos Nuevos y Mortalidad de COVID-19,
15,amma3,397,20/05/2021,Reporte Modelo AMMA-3,ama,"maco,ack,jacg,mldt",Reporte AMMA-3 2021-05-20.pdf,Modelo AMMA-3 Informe,Proyecciones 20 de mayo de 2021
11,hospitalaria,396,19/05/2021,Reporte,atencion_hospitalaria,,tiempo-atencion-hospitalaria-2021-05-19.pptx,Tiempo de atención hospitalaria ante Covid-19,Reporte 19 de mayo de 2021
8,rt,395,19/05/2021,Reporte,rt,"ggf,dirg",CIMAT_EstimacionRTCOVID_210519.pdf,Estimaciones de la Tasa de Reproducción Efectiva Rt de COVID-19 para los Estados y Zonas Metropolitanas de México,Estimaciones de la Tasa de Reproducción Efectiva Rt de COVID-19 para los Estados y Zonas Metropolitanas de México al 19 de mayo de 2021
7,gompertz2,394,19/05/2021,Reporte Gompertz-2,gompertz,"ggf,rrq,dirg",CIMAT_Gompertz_210519.pdf,Estimaciones del Modelo Gompertz-2 para los Estados y Zonas Metropolitanas de México,Estimaciones del Modelo Gompertz para los Estados y Zonas Metropolitanas de México al 19 de mayo de 2021
13,tendencia,393,17/05/2021,Reporte tendencia,tendencia,"jev,jpa,isb",210517ReporteTendenciaSemanal.pdf,Tendencias de Curvas Epidémicas de Casos Nuevos y Mortalidad de COVID-19,
15,amma3,392,13/05/2021,Reporte Modelo AMMA-3,ama,"maco,ack,jacg,mldt",Reporte AMMA-3 2021-05-13.pdf,Modelo AMMA-3 Informe,Proyecciones 13 de mayo de 2021
8,rt,391,12/05/2021,Reporte,rt,"ggf,dirg",CIMAT_EstimacionRTCOVID_210512.pdf,Estimaciones de la Tasa de Reproducción Efectiva Rt de COVID-19 para los Estados y Zonas Metropolitanas de México,Estimaciones de la Tasa de Reproducción Efectiva Rt de COVID-19 para los Estados y Zonas Metropolitanas de México al 12 de  mayo de 2021
7,gompertz2,390,12/05/2021,Reporte Gompertz-2,gompertz,"ggf,rrq,dirg",CIMAT_Gompertz_210512.pdf,Estimaciones del Modelo Gompertz-2 para los Estados y Zonas Metropolitanas de México,Estimaciones del Modelo Gompertz para los Estados y Zonas Metropolitanas de México al 12 de  mayo de 2021
8,rt,389,05/05/2021,Reporte,rt,"ggf,dirg",CIMAT_EstimacionRTCOVID_210505.pdf,Estimaciones de la Tasa de Reproducción Efectiva Rt de COVID-19 para los Estados y Zonas Metropolitanas de México,Estimaciones de la Tasa de Reproducción Efectiva Rt de COVID-19 para los Estados y Zonas Metropolitanas de México al 5 de  mayo de 2021
7,gompertz2,388,05/05/2021,Reporte Gompertz-2,gompertz,"ggf,rrq,dirg",CIMAT_Gompertz_210505.pdf,Estimaciones del Modelo Gompertz-2 para los Estados y Zonas Metropolitanas de México,Estimaciones del Modelo Gompertz para los Estados y Zonas Metropolitanas de México al 5 de  mayo de 2021
11,hospitalaria,387,12/05/2021,Reporte,atencion_hospitalaria,,tiempo-atencion-hospitalaria-2021-05-12.pptx,Tiempo de atención hospitalaria ante Covid-19,Reporte 12 de mayo de 2021
12,rtmovilidad,386,10/05/2021,Reporte,rt_movilidad,"ggf,mgg",R_t__COVID19-2021-05-10.pdf,Predicción de R(t) usando movilidad,
10,movilidad2,385,10/05/2021,Reporte Movilidad-2,movilidad,mgg,Movilidad_COVID19-2021-05-10.pdf,"Medición de Movilidad-2 usando Facebook, Google y Twitter. Informe 2",
13,tendencia,384,10/05/2021,Reporte tendencia,tendencia,"jev,jpa,isb",210510ReporteTendenciaSemanal.pdf,Tendencias de Curvas Epidémicas de Casos Nuevos y Mortalidad de COVID-19,
5,amma3,383,06/05/2021,Reporte Modelo AMMA-3,ama,"maco,ack,jacg,mldt",Reporte AMMA-3 2021-05-06.pdf,Modelo AMMA-3 Informe,Proyecciones 06 de mayo de 2021
11,hospitalaria,380,06/05/2021,Reporte,atencion_hospitalaria,,tiempo-atencion-hospitalaria-2021-05-06.pptx,Tiempo de atención hospitalaria ante Covid-19,Reporte 06 de mayo de 2021
12,rtmovilidad,379,05/05/2021,Reporte,rt_movilidad,"ggf,mgg",R_t__COVID19-2021-05-05.pdf,Predicción de R(t) usando movilidad,
10,movilidad2,378,05/05/2021,Reporte Movilidad-2,movilidad,mgg,Movilidad_COVID19-2021-05-05.pdf,"Medición de Movilidad-2 usando Facebook, Google y Twitter. Informe 2",
13,tendencia,377,03/05/2021,Reporte tendencia,tendencia,"jev,jpa,isb",210503ReporteTendenciaSemanal.pdf,Tendencias de Curvas Epidémicas de Casos Nuevos y Mortalidad de COVID-19,
15,amma3,376,29/04/2021,Reporte Modelo AMMA-3,ama,"maco,ack,jacg,mldt",Reporte AMMA-3 2021-04-29.pdf,Modelo AMMA-3 Informe,Proyecciones 29 de abril de 2021
8,rt,375,28/04/2021,Reporte,rt,"ggf,dirg",CIMAT_EstimacionRTCOVID_210428.pdf,Estimaciones de la Tasa de Reproducción Efectiva Rt de COVID-19 para los Estados y Zonas Metropolitanas de México,Estimaciones de la Tasa de Reproducción Efectiva Rt de COVID-19 para los Estados y Zonas Metropolitanas de México al 28 de abril de 2021
7,gompertz2,374,28/04/2021,Reporte Gompertz-2,gompertz,"ggf,rrq,dirg",CIMAT_Gompertz_210428.pdf,Estimaciones del Modelo Gompertz-2 para los Estados y Zonas Metropolitanas de México,Estimaciones del Modelo Gompertz para los Estados y Zonas Metropolitanas de México al 28 de abril de 2021
11,hospitalaria,373,28/04/2021,Reporte,atencion_hospitalaria,,tiempo-atencion-hospitalaria-2021-04-28.pptx,Tiempo de atención hospitalaria ante Covid-19,Reporte 28 de abril de 2021
12,rtmovilidad,372,26/04/2021,Reporte,rt_movilidad,"ggf,mgg",R_t__COVID19-2021-04-26.pdf,Predicción de R(t) usando movilidad,
10,movilidad2,371,26/04/2021,Reporte Movilidad-2,movilidad,mgg,Movilidad_COVID19-2021-04-26.pdf,"Medición de Movilidad-2 usando Facebook, Google y Twitter. Informe 2",
13,tendencia,370,26/04/2021,Reporte tendencia,tendencia,"jev,jpa,isb",210426ReporteTendenciaSemanal.pdf,Tendencias de Curvas Epidémicas de Casos Nuevos y Mortalidad de COVID-19,
8,rt,369,21/04/2021,Reporte,rt,"ggf,dirg",CIMAT_EstimacionRTCOVID_210421.pdf,Estimaciones de la Tasa de Reproducción Efectiva Rt de COVID-19 para los Estados y Zonas Metropolitanas de México,Estimaciones de la Tasa de Reproducción Efectiva Rt de COVID-19 para los Estados y Zonas Metropolitanas de México al 21 de abril de 2021
7,gompertz2,368,21/04/2021,Reporte Gompertz-2,gompertz,"ggf,rrq,dirg",CIMAT_Gompertz_210421.pdf,Estimaciones del Modelo Gompertz-2 para los Estados y Zonas Metropolitanas de México,Estimaciones del Modelo Gompertz para los Estados y Zonas Metropolitanas de México al 21 de abril de 2021
11,hospitalaria,367,21/04/2021,Reporte,atencion_hospitalaria,,tiempo-atencion-hospitalaria-2021-04-21.pptx,Tiempo de atención hospitalaria ante Covid-19,Reporte 21 de abril de 2021
15,amma3,366,14/04/2021,Reporte Modelo AMMA-3,ama,"maco,ack,jacg,mldt",Reporte AMMA-3 2021-04-14.pdf,Modelo AMMA-3 Informe,Proyecciones 14 de abril de 2021
3,preprintamma3,365,11/03/2021,Preprint,ama,"maco,ack,jacg,mldt",preprint_amma3.pdf,Bayesian sequential data assimilation for COVID–19 forecasting,
3,preprintama2,364,22/01/2021,Preprint,ama,"maco,ack,jacg",preprint_ama2.pdf,Forecasting hospital demand in metropolitan areas during the current COVID-19 pandemic and estimates of lockdown-induced 2nd waves,
15,amma3,363,07/04/2021,Reporte Modelo AMMA-3,ama,"maco,ack,jacg,mldt",Reporte AMMA-3 2021-04-07.pdf,Modelo AMMA-3 Informe,Proyecciones 04 de abril de 2021
15,amma3,362,31/03/2021,Reporte Modelo AMMA-3,ama,"maco,ack,jacg,mldt",Reporte AMMA-3 2021-03-31.pdf,Modelo AMMA-3 Informe,Proyecciones 31 de marzo de 2021
15,amma3,361,23/03/2021,Reporte Modelo AMMA-3,ama,"maco,ack,jacg,mldt",Reporte AMMA-3 2021-03-23.pdf,Modelo AMMA-3 Informe,Proyecciones 23 de marzo de 2021
15,amma3,360,17/03/2021,Reporte Modelo AMMA-3,ama,"maco,ack,jacg,mldt",Reporte AMMA-3 2021-03-17.pdf,Modelo AMMA-3 Informe,Proyecciones 17 de marzo de 2021
15,amma3,359,11/03/2021,Reporte Modelo AMMA-3,ama,"maco,ack,jacg,mldt",Reporte AMMA-3 2021-03-11.pdf,Modelo AMMA-3 Informe,Proyecciones 11 de marzo de 2021
15,amma3,358,04/03/2021,Reporte Modelo AMMA-3,ama,"maco,ack,jacg,mldt",Reporte AMMA-3 2021-03-04.pdf,Modelo AMMA-3 Informe,Proyecciones 04 de marzo de 2021
15,amma3,357,25/02/2021,Reporte Modelo AMMA-3,ama,"maco,ack,jacg,mldt",Reporte AMMA-3 2021-02-25.pdf,Modelo AMMA-3 Informe,Proyecciones 25 de febrero de 2021
13,tendencia,361,19/04/2021,Reporte tendencia,tendencia,"jev,jpa,isb",210419ReporteTendenciaSemanal.pdf,Tendencias de Curvas Epidémicas de Casos Nuevos y Mortalidad de COVID-19,
12,rtmovilidad,360,19/04/2021,Reporte,rt_movilidad,"ggf,mgg",R_t__COVID19-2021-04-19.pdf,Predicción de R(t) usando movilidad,
10,movilidad2,359,19/04/2021,Reporte Movilidad-2,movilidad,mgg,Movilidad_COVID19-2021-04-19.pdf,"Medición de Movilidad-2 usando Facebook, Google y Twitter. Informe 2",
8,rt,358,14/04/2021,Reporte,rt,"ggf,dirg",CIMAT_EstimacionRTCOVID_210414.pdf,Estimaciones de la Tasa de Reproducción Efectiva Rt de COVID-19 para los Estados y Zonas Metropolitanas de México,Estimaciones de la Tasa de Reproducción Efectiva Rt de COVID-19 para los Estados y Zonas Metropolitanas de México al 14 de abril de 21
7,gompertz2,357,14/04/2021,Reporte Gompertz-2,gompertz,"ggf,rrq,dirg",CIMAT_Gompertz_210414.pdf,Estimaciones del Modelo Gompertz-2 para los Estados y Zonas Metropolitanas de México,Estimaciones del Modelo Gompertz para los Estados y Zonas Metropolitanas de México al 14 de abril de 2021
11,hospitalaria,356,14/04/2021,Reporte,atencion_hospitalaria,,tiempo-atencion-hospitalaria-2021-04-14.pptx,Tiempo de atención hospitalaria ante Covid-19,Reporte 14 de abril de 2021
12,rtmovilidad,355,12/04/2021,Reporte,rt_movilidad,"ggf,mgg",R_t__COVID19-2021-04-12.pdf,Predicción de R(t) usando movilidad,
10,movilidad2,354,12/04/2021,Reporte Movilidad-2,movilidad,mgg,Movilidad_COVID19-2021-04-12.pdf,"Medición de Movilidad-2 usando Facebook, Google y Twitter. Informe 2",
13,tendencia,353,12/04/2021,Reporte tendencia,tendencia,"jev,jpa,isb",210412ReporteTendenciaSemanal.pdf,Tendencias de Curvas Epidémicas de Casos Nuevos y Mortalidad de COVID-19,
8,rt,352,07/04/2021,Reporte,rt,"ggf,dirg",CIMAT_EstimacionRTCOVID_210407.pdf,Estimaciones de la Tasa de Reproducción Efectiva Rt de COVID-19 para los Estados y Zonas Metropolitanas de México,Estimaciones de la Tasa de Reproducción Efectiva Rt de COVID-19 para los Estados y Zonas Metropolitanas de México al 07 de abril de 21
7,gompertz2,351,07/04/2021,Reporte Gompertz-2,gompertz,"ggf,rrq,dirg",CIMAT_Gompertz_210407.pdf,Estimaciones del Modelo Gompertz-2 para los Estados y Zonas Metropolitanas de México,Estimaciones del Modelo Gompertz para los Estados y Zonas Metropolitanas de México al 07 de abril de 2021
11,hospitalaria,350,07/04/2021,Reporte,atencion_hospitalaria,,tiempo-atencion-hospitalaria-2021-04-07.pptx,Tiempo de atención hospitalaria ante Covid-19,Reporte 07 de abril de 2021
13,tendencia,349,05/04/2021,Reporte tendencia,tendencia,"jev,jpa,isb",210405ReporteTendenciaSemanal.pdf,Tendencias de Curvas Epidémicas de Casos Nuevos y Mortalidad de COVID-19,
12,rtmovilidad,348,05/04/2021,Reporte,rt_movilidad,"ggf,mgg",R_t__COVID19-2021-04-05.pdf,Predicción de R(t) usando movilidad,
10,movilidad2,347,05/04/2021,Reporte Movilidad-2,movilidad,mgg,Movilidad_COVID19-2021-04-05.pdf,"Medición de Movilidad-2 usando Facebook, Google y Twitter. Informe 2",
8,rt,346,31/03/2021,Reporte,rt,"ggf,dirg",CIMAT_EstimacionRTCOVID_210331.pdf,Estimaciones de la Tasa de Reproducción Efectiva Rt de COVID-19 para los Estados y Zonas Metropolitanas de México,Estimaciones de la Tasa de Reproducción Efectiva Rt de COVID-19 para los Estados y Zonas Metropolitanas de México al 31 de marzo de 21
7,gompertz2,345,31/03/2021,Reporte Gompertz-2,gompertz,"ggf,rrq,dirg",CIMAT_Gompertz_210331.pdf,Estimaciones del Modelo Gompertz-2 para los Estados y Zonas Metropolitanas de México,Estimaciones del Modelo Gompertz para los Estados y Zonas Metropolitanas de México al 31 de marzo de 2021
11,hospitalaria,344,31/03/2021,Reporte,atencion_hospitalaria,,tiempo-atencion-hospitalaria-2021-03-31.pptx,Tiempo de atención hospitalaria ante Covid-19,Reporte 31 de marzo de 2021
13,tendencia,343,29/03/2021,Reporte tendencia,tendencia,"jev,jpa,isb",210329ReporteTendenciaSemanal.pdf,Tendencias de Curvas Epidémicas de Casos Nuevos y Mortalidad de COVID-19,
12,rtmovilidad,342,29/03/2021,Reporte,rt_movilidad,"ggf,mgg",R_t__COVID19-2021-03-29.pdf,Predicción de R(t) usando movilidad,
10,movilidad2,341,29/03/2021,Reporte Movilidad-2,movilidad,mgg,Movilidad_COVID19-2021-03-29.pdf,"Medición de Movilidad-2 usando Facebook, Google y Twitter. Informe 2",
8,rt,340,24/03/2021,Reporte,rt,"ggf,dirg",CIMAT_EstimacionRTCOVID_210324.pdf,Estimaciones de la Tasa de Reproducción Efectiva Rt de COVID-19 para los Estados y Zonas Metropolitanas de México,Estimaciones de la Tasa de Reproducción Efectiva Rt de COVID-19 para los Estados y Zonas Metropolitanas de México al 24 de marzo de 21
7,gompertz2,339,24/03/2021,Reporte Gompertz-2,gompertz,"ggf,rrq,dirg",CIMAT_Gompertz_210324.pdf,Estimaciones del Modelo Gompertz-2 para los Estados y Zonas Metropolitanas de México,Estimaciones del Modelo Gompertz para los Estados y Zonas Metropolitanas de México al 24 de marzo de 2021
14,metodologiatendencia,338,25/03/2021,Ver nota metodológica,tendencia,"jev,jpa,isb",MetodologiaCalculoTendenciasCOVID19_v1_2.pdf,Metodología para el análisis de tendencias de curvas epidémicas de casos nuevos de síndrome COVID-19 y de ocupación de camas y defunciones registrados en la Red IRAG,
12,rtmovilidad,337,22/03/2021,Reporte,rt_movilidad,"ggf,mgg",R_t__COVID19-2021-03-22.pdf,Predicción de R(t) usando movilidad,
10,movilidad2,336,22/03/2021,Reporte Movilidad-2,movilidad,mgg,Movilidad_COVID19-2021-03-22.pdf,"Medición de Movilidad-2 usando Facebook, Google y Twitter. Informe 2",
11,hospitalaria,335,24/03/2021,Reporte,atencion_hospitalaria,,tiempo-atencion-hospitalaria-2021-03-24.pptx,Tiempo de atención hospitalaria ante Covid-19,Reporte 24 de marzo de 2021
13,tendencia,334,22/03/2021,Reporte tendencia,tendencia,"jev,jpa,isb",210322ReporteTendenciaSemanal.pdf,Tendencias de Curvas Epidémicas de Casos Nuevos y Mortalidad de COVID-19,
8,rt,333,17/03/2021,Reporte,rt,"ggf,dirg",CIMAT_EstimacionRTCOVID_210317.pdf,Estimaciones de la Tasa de Reproducción Efectiva Rt de COVID-19 para los Estados y Zonas Metropolitanas de México,Estimaciones de la Tasa de Reproducción Efectiva Rt de COVID-19 para los Estados y Zonas Metropolitanas de México al 17 de marzo de 21
12,rtmovilidad,332,16/03/2021,Reporte,rt_movilidad,"ggf,mgg",R_t__COVID19-2021-03-16.pdf,Predicción de R(t) usando movilidad,
10,movilidad2,331,16/03/2021,Reporte Movilidad-2,movilidad,mgg,Movilidad_COVID19-2021-03-16.pdf,"Medición de Movilidad-2 usando Facebook, Google y Twitter. Informe 2",
12,rtmovilidad,330,08/03/2021,Reporte,rt_movilidad,"ggf,mgg",R_t__COVID19-2021-03-08.pdf,Predicción de R(t) usando movilidad,
10,movilidad2,329,08/03/2021,Reporte Movilidad-2,movilidad,mgg,Movilidad_COVID19-2021-03-08.pdf,"Medición de Movilidad-2 usando Facebook, Google y Twitter. Informe 2",
11,hospitalaria,328,17/03/2021,Reporte,atencion_hospitalaria,,tiempo-atencion-hospitalaria-2021-03-17.pptx,Tiempo de atención hospitalaria ante Covid-19,Reporte 17 de marzo de 2021
13,tendencia,327,15/03/2021,Reporte tendencia,tendencia,"jev,jpa,isb",210315ReporteTendenciaSemanal.pdf,Tendencias de Curvas Epidémicas de Casos Nuevos y Mortalidad de COVID-19,
8,rt,326,10/03/2021,Reporte,rt,"ggf,dirg",CIMAT_EstimacionRTCOVID_210310.pdf,Estimaciones de la Tasa de Reproducción Efectiva Rt de COVID-19 para los Estados y Zonas Metropolitanas de México,Estimaciones de la Tasa de Reproducción Efectiva Rt de COVID-19 para los Estados y Zonas Metropolitanas de México al 10 de marzo de 21
7,gompertz2,325,10/03/2021,Reporte Gompertz-2,gompertz,"ggf,rrq,dirg",CIMAT_Gompertz_210310.pdf,Estimaciones del Modelo Gompertz-2 para los Estados y Zonas Metropolitanas de México,Estimaciones del Modelo Gompertz para los Estados y Zonas Metropolitanas de México al 10 de marzo de 2021
11,hospitalaria,324,10/03/2021,Reporte,atencion_hospitalaria,,tiempo-atencion-hospitalaria-2021-03-10.pptx,Tiempo de atención hospitalaria ante Covid-19,Reporte 03 de marzo de 2021
13,tendencia,323,08/03/2021,Reporte tendencia,tendencia,"jev,jpa,isb",210308ReporteTendenciaSemanal.pdf,Tendencias de Curvas Epidémicas de Casos Nuevos y Mortalidad de COVID-19,
8,rt,322,03/03/2021,Reporte,rt,"ggf,dirg",CIMAT_EstimacionRTCOVID_210303.pdf,Estimaciones de la Tasa de Reproducción Efectiva Rt de COVID-19 para los Estados y Zonas Metropolitanas de México,Estimaciones de la Tasa de Reproducción Efectiva Rt de COVID-19 para los Estados y Zonas Metropolitanas de México al 03 de marzo de 21
7,gompertz2,321,03/03/2021,Reporte Gompertz-2,gompertz,"ggf,rrq,dirg",CIMAT_Gompertz_210303.pdf,Estimaciones del Modelo Gompertz-2 para los Estados y Zonas Metropolitanas de México,Estimaciones del Modelo Gompertz para los Estados y Zonas Metropolitanas de México al 03 de marzo de 2021
11,hospitalaria,320,03/03/2021,Reporte,atencion_hospitalaria,,tiempo-atencion-hospitalaria-2021-03-03.pptx,Tiempo de atención hospitalaria ante Covid-19,Reporte 03 de marzo de 2021
13,tendencia,319,01/03/2021,Reporte tendencia,tendencia,"jev,jpa,isb",210301ReporteTendenciaSemanal.pdf,Tendencias de Curvas Epidémicas de Casos Nuevos y Mortalidad de COVID-19,
12,rtmovilidad,318,01/03/2021,Reporte,rt_movilidad,"ggf,mgg",R_t__COVID19-2021-03-01.pdf,Predicción de R(t) usando movilidad,
10,movilidad2,317,01/03/2021,Reporte Movilidad-2,movilidad,mgg,Movilidad_COVID19-2021-03-01.pdf,"Medición de Movilidad-2 usando Facebook, Google y Twitter. Informe 2",
5,ama2,316,25/02/2021,Reporte Modelo AMA-2,ama,"maco,ack,jacg",Reporte AMA-2 2021-02-25.pdf,Modelo AMA-2 Informe,Proyecciones 25 de febrero de 2021
8,rt,315,24/02/2021,Reporte,rt,"ggf,dirg",CIMAT_EstimacionRTCOVID_210224.pdf,Estimaciones de la Tasa de Reproducción Efectiva Rt de COVID-19 para los Estados y Zonas Metropolitanas de México,Estimaciones de la Tasa de Reproducción Efectiva Rt de COVID-19 para los Estados y Zonas Metropolitanas de México al 24 de febrero de 21
7,gompertz2,314,24/02/2021,Reporte Gompertz-2,gompertz,"ggf,rrq,dirg",CIMAT_Gompertz_210224.pdf,Estimaciones del Modelo Gompertz-2 para los Estados y Zonas Metropolitanas de México,Estimaciones del Modelo Gompertz para los Estados y Zonas Metropolitanas de México al 24 de febrero de 2021
11,hospitalaria,313,24/02/2021,Reporte,atencion_hospitalaria,,tiempo-atencion-hospitalaria-2021-02-24.pptx,Tiempo de atención hospitalaria ante Covid-19,Reporte 24 de febrero de 2021
5,ama2,312,22/02/2021,Reporte Modelo AMA-2,ama,"maco,ack,jacg",Reporte AMA-2 2021-02-22.pdf,Modelo AMA-2 Informe,Proyecciones 22 de febrero de 2021
13,tendencia,311,22/02/2021,Reporte tendencia,tendencia,"jev,jpa,isb",210222ReporteTendenciaSemanal.pdf,Tendencias de Curvas Epidémicas de Casos Nuevos y Mortalidad de COVID-19,
12,rtmovilidad,310,22/02/2021,Reporte,rt_movilidad,"ggf,mgg",R_t__COVID19-2021-02-22.pdf,Predicción de R(t) usando movilidad,
10,movilidad2,309,22/02/2021,Reporte Movilidad-2,movilidad,mgg,Movilidad_COVID19-2021-02-22.pdf,"Medición de Movilidad-2 usando Facebook, Google y Twitter. Informe 2",
8,rt,308,17/02/2021,Reporte,rt,"ggf,dirg",CIMAT_EstimacionRTCOVID_210217.pdf,Estimaciones de la Tasa de Reproducción Efectiva Rt de COVID-19 para los Estados y Zonas Metropolitanas de México,Estimaciones de la Tasa de Reproducción Efectiva Rt de COVID-19 para los Estados y Zonas Metropolitanas de México al 17 de febrero de 21
7,gompertz2,307,17/02/2021,Reporte Gompertz-2,gompertz,"ggf,rrq,dirg",CIMAT_Gompertz_210217.pdf,Estimaciones del Modelo Gompertz-2 para los Estados y Zonas Metropolitanas de México,Estimaciones del Modelo Gompertz para los Estados y Zonas Metropolitanas de México al 17 de febrero de 2021
11,hospitalaria,306,17/02/2021,Reporte,atencion_hospitalaria,,tiempo-atencion-hospitalaria-2021-02-17.pptx,Tiempo de atención hospitalaria ante Covid-19,Reporte 17 de febrero de 2021
12,rtmovilidad,305,15/02/2021,Reporte,rt_movilidad,"ggf,mgg",R_t__COVID19-2021-02-15.pdf,Predicción de R(t) usando movilidad,
10,movilidad2,304,15/02/2021,Reporte Movilidad-2,movilidad,mgg,Movilidad_COVID19-2021-02-15.pdf,"Medición de Movilidad-2 usando Facebook, Google y Twitter. Informe 2",
13,tendencia,303,15/02/2021,Reporte tendencia,tendencia,"jev,jpa,isb",210215ReporteTendenciaSemanal.pdf,Tendencias de Curvas Epidémicas de Casos Nuevos y Mortalidad de COVID-19,
8,rt,302,10/02/2021,Reporte,rt,"ggf,dirg",CIMAT_EstimacionRTCOVID_210210.pdf,Estimaciones de la Tasa de Reproducción Efectiva Rt de COVID-19 para los Estados y Zonas Metropolitanas de México,Estimaciones de la Tasa de Reproducción Efectiva Rt de COVID-19 para los Estados y Zonas Metropolitanas de México al 10 de febrero de 2021
7,gompertz2,301,10/02/2021,Reporte Gompertz-2,gompertz,"ggf,rrq,dirg",CIMAT_Gompertz_210210.pdf,Estimaciones del Modelo Gompertz-2 para los Estados y Zonas Metropolitanas de México,Estimaciones del Modelo Gompertz para los Estados y Zonas Metropolitanas de México al 10 de febrero de 2021
11,hospitalaria,300,10/02/2021,Reporte,atencion_hospitalaria,,tiempo-atencion-hospitalaria-2021-02-10.pptx,Tiempo de atención hospitalaria ante Covid-19,Reporte 10 de febrero de 2021
13,tendencia,299,08/02/2021,Reporte tendencia,tendencia,"jev,jpa,isb",210208ReporteTendenciaSemanal.pdf,Tendencias de Curvas Epidémicas de Casos Nuevos y Mortalidad de COVID-19,
5,ama2,298,01/02/2021,Reporte Modelo AMA-2,ama,"maco,ack,jacg",Reporte AMA-2 2021-02-01.pdf,Modelo AMA-2 Informe,Proyecciones 01 de febrero de 2021
12,rtmovilidad,297,08/02/2021,Reporte,rt_movilidad,"ggf,mgg",R_t__COVID19-2021-02-08.pdf,Predicción de R(t) usando movilidad,
10,movilidad2,296,08/02/2021,Reporte Movilidad-2,movilidad,mgg,Movilidad_COVID19-2021-02-08.pdf,"Medición de Movilidad-2 usando Facebook, Google y Twitter. Informe 2",
8,rt,295,03/02/2021,Reporte,rt,"ggf,dirg",CIMAT_EstimacionRTCOVID_210203.pdf,Estimaciones de la Tasa de Reproducción Efectiva Rt de COVID-19 para los Estados y Zonas Metropolitanas de México,Estimaciones de la Tasa de Reproducción Efectiva Rt de COVID-19 para los Estados y Zonas Metropolitanas de México al 03 de febrero de 21
7,gompertz2,294,03/02/2021,Reporte Gompertz-2,gompertz,"ggf,rrq,dirg",CIMAT_Gompertz_210203.pdf,Estimaciones del Modelo Gompertz-2 para los Estados y Zonas Metropolitanas de México,Estimaciones del Modelo Gompertz para los Estados y Zonas Metropolitanas de México al 03 de febrero de 2021
8,rt,293,27/01/2021,Reporte,rt,"ggf,dirg",CIMAT_EstimacionRTCOVID_210127.pdf,Estimaciones de la Tasa de Reproducción Efectiva Rt de COVID-19 para los Estados y Zonas Metropolitanas de México,Estimaciones de la Tasa de Reproducción Efectiva Rt de COVID-19 para los Estados y Zonas Metropolitanas de México al 03 de febrero de 21
7,gompertz2,292,27/01/2021,Reporte Gompertz-2,gompertz,"ggf,rrq,dirg",CIMAT_Gompertz_210127.pdf,Estimaciones del Modelo Gompertz-2 para los Estados y Zonas Metropolitanas de México,Estimaciones del Modelo Gompertz para los Estados y Zonas Metropolitanas de México al 03 de febrero de 2021
12,rtmovilidad,291,03/02/2021,Reporte,rt_movilidad,"ggf,mgg	",R_t__COVID19-2021-02-03.pdf,Predicción de R(t) usando movilidad,
10,movilidad2,290,03/02/2021,Reporte Movilidad-2,movilidad,mgg,Movilidad_COVID19-2021-02-03.pdf,"Medición de Movilidad-2 usando Facebook, Google y Twitter. Informe 2",
11,hospitalaria,289,03/02/2021,Reporte,atencion_hospitalaria,,tiempo-atencion-hospitalaria-2021-02-03.pptx,Tiempo de atención hospitalaria ante Covid-19,Reporte 03 de febrero de 2021
13,tendencia,288,01/02/2021,Reporte tendencia,tendencia,"jev,jpa,isb",210201ReporteTendenciaSemanal.pdf,Tendencias de Curvas Epidémicas de Casos Nuevos y Mortalidad de COVID-19,
13,tendencia,287,25/01/2021,Reporte tendencia,tendencia,"jev,jpa,isb",210125ReporteTendenciaSemanal.pdf,Tendencias de Curvas Epidémicas de Casos Nuevos y Mortalidad de COVID-19,
11,hospitalaria,286,27/01/2021,Reporte,atencion_hospitalaria,,tiempo-atencion-hospitalaria-2021-01-27.pptx,Tiempo de atención hospitalaria ante Covid-19,Reporte 27 de enero de 2021
12,rtmovilidad,285,25/01/2021,Reporte,rt_movilidad,"ggf,mgg	",R_t__COVID19-2021-01-25.pdf,Predicción de R(t) usando movilidad,
10,movilidad2,284,25/01/2021,Reporte Movilidad-2,movilidad,mgg,Movilidad_COVID19-2021-01-25.pdf,"Medición de Movilidad-2 usando Facebook, Google y Twitter. Informe 2",
5,ama2,283,21/01/2021,Reporte Modelo AMA-2,ama,"maco,ack,jacg",Reporte AMA-2 2021-01-21.pdf,Modelo AMA-2 Informe,Proyecciones 21 de enero de 2021
7,gompertz2,282,20/01/2021,Reporte Gompertz-2,gompertz,"ggf,rrq,dirg",CIMAT_Gompertz_210120.pdf,Estimaciones del Modelo Gompertz-2 para los Estados y Zonas Metropolitanas de México,Estimaciones del Modelo Gompertz para los Estados y Zonas Metropolitanas de México al 20 de enero de 2021
8,rt,281,20/01/2021,Reporte,rt,"ggf,dirg",CIMAT_EstimacionRTCOVID_210120.pdf,Estimaciones de la Tasa de Reproducción Efectiva Rt de COVID-19 para los Estados y Zonas Metropolitanas de México,Estimaciones de la Tasa de Reproducción Efectiva Rt de COVID-19 para los Estados y Zonas Metropolitanas de México al 20 de enero de 2021
7,gompertz2,280,13/01/2021,Reporte Gompertz-2,gompertz,"ggf,rrq,dirg",CIMAT_Gompertz_210113.pdf,Estimaciones del Modelo Gompertz-2 para los Estados y Zonas Metropolitanas de México,Estimaciones del Modelo Gompertz para los Estados y Zonas Metropolitanas de México al 20 de enero de 2021
8,rt,279,13/01/2021,Reporte,rt,"ggf,dirg",CIMAT_EstimacionRTCOVID_210113.pdf,Estimaciones de la Tasa de Reproducción Efectiva Rt de COVID-19 para los Estados y Zonas Metropolitanas de México,Estimaciones de la Tasa de Reproducción Efectiva Rt de COVID-19 para los Estados y Zonas Metropolitanas de México al 20 de enero de 2021
11,hospitalaria,278,20/01/2021,Reporte,atencion_hospitalaria,,tiempo-atencion-hospitalaria-2021-01-20.pptx,Tiempo de atención hospitalaria ante Covid-19,Reporte 20 de enero de 2021
13,tendencia,277,18/01/2021,Reporte tendencia,tendencia,"jev,jpa,isb",210118ReporteTendenciaSemanal.pdf,Tendencias de Curvas Epidémicas de Casos Nuevos y Mortalidad de COVID-19,
12,rtmovilidad,276,18/01/2021,Reporte,rt_movilidad,"ggf,mgg	",R_t__COVID19-2021-01-18.pdf,Predicción de R(t) usando movilidad,
10,movilidad2,275,18/01/2021,Reporte Movilidad-2,movilidad,mgg,Movilidad_COVID19-2021-01-18.pdf,"Medición de Movilidad-2 usando Facebook, Google y Twitter. Informe 2",
5,ama2,274,14/01/2021,Reporte Modelo AMA-2,ama,"maco,ack,jacg",Reporte AMA-2 2021-01-14.pdf,Modelo AMA-2 Informe,Proyecciones 14 de enero de 2021
11,hospitalaria,273,13/01/2021,Reporte,atencion_hospitalaria,,tiempo-atencion-hospitalaria-2021-01-13.pptx,Tiempo de atención hospitalaria ante Covid-19,Reporte 13 de enero de 2021
13,tendencia,272,11/01/2021,Reporte tendencia,tendencia,"jev,jpa,isb",210111ReporteTendenciaSemanal.pdf,Tendencias de Curvas Epidémicas de Casos Nuevos y Mortalidad de COVID-19,
7,gompertz2,271,06/01/2021,Reporte Gompertz-2,gompertz,"ggf,rrq,dirg",CIMAT_Gompertz_210106.pdf,Estimaciones del Modelo Gompertz-2 para los Estados y Zonas Metropolitanas de México,Estimaciones del Modelo Gompertz para los Estados y Zonas Metropolitanas de México al 06 de enero de 2021
8,rt,270,06/01/2021,Reporte,rt,"ggf,dirg",CIMAT_EstimacionRTCOVID_210106.pdf,Estimaciones de la Tasa de Reproducción Efectiva Rt de COVID-19 para los Estados y Zonas Metropolitanas de México,Estimaciones de la Tasa de Reproducción Efectiva Rt de COVID-19 para los Estados y Zonas Metropolitanas de México al 06 de enero de 2021
12,rtmovilidad,269,11/01/2021,Reporte,rt_movilidad,"ggf,mgg,jumu",R_t__COVID19-2021-01-11.pdf,Predicción de R(t) usando movilidad,
10,movilidad2,268,11/01/2021,Reporte Movilidad-2,movilidad,mgg,Movilidad_COVID19-2021-01-11.pdf,"Medición de Movilidad-2 usando Facebook, Google y Twitter. Informe 2",
5,ama2,267,07/01/2021,Reporte Modelo AMA-2,ama,"maco,ack,jacg",Reporte AMA-2 2021-01-07.pdf,Modelo AMA-2 Informe,Proyecciones 07 de enero de 2021
3,rtincertidumbre,266,03/12/2020,Preprint,ama,"maco,ack,jacg",2012.02168.pdf,Filtering and improved Uncertainty Quantification in the dynamic estimation of effective reproduction numbers,
11,hospitalaria,265,06/01/2021,Reporte,atencion_hospitalaria,,tiempo-atencion-hospitalaria-2021-01-06.pptx,Tiempo de atención hospitalaria ante Covid-19,Reporte 30 de diciembre de 2020
13,tendencia,264,04/01/2021,Reporte tendencia,tendencia,"jev,jpa,isb",210104ReporteTendenciaSemanal.pdf,Tendencias de Curvas Epidémicas de Casos Nuevos y Mortalidad de COVID-19,
13,tendencia,263,28/12/2020,Reporte tendencia,tendencia,"jev,jpa,isb",201228ReporteTendenciaSemanal.pdf,Tendencias de Curvas Epidémicas de Casos Nuevos y Mortalidad de COVID-19,
12,rtmovilidad,262,04/01/2021,Reporte,rt_movilidad,"ggf,mgg	",R_t__COVID19-2021-01-04.pdf,Predicción de R(t) usando movilidad,
10,movilidad2,261,04/01/2021,Reporte Movilidad-2,movilidad,mgg,Movilidad_COVID19-2021-01-04.pdf,"Medición de Movilidad-2 usando Facebook, Google y Twitter. Informe 2",
5,ama2,260,01/01/2021,Reporte Modelo AMA-2,ama,"maco,ack,jacg",Reporte AMA-2 2021-01-01.pdf,Modelo AMA-2 Informe,Proyecciones 01 de enero de 2021
11,hospitalaria,259,30/12/2020,Reporte,atencion_hospitalaria,,tiempo-atencion-hospitalaria-2020-12-30.pptx,Tiempo de atención hospitalaria ante Covid-19,Reporte 30 de diciembre de 2020
12,rtmovilidad,258,28/12/2020,Reporte,rt_movilidad,"ggf,mgg	",R_t__COVID19-2020-12-28.pdf,Predicción de R(t) usando movilidad,
10,movilidad2,257,28/12/2020,Reporte Movilidad-2,movilidad,mgg,Movilidad_COVID19-2020-12-28.pdf,"Medición de Movilidad-2 usando Facebook, Google y Twitter. Informe 2",
5,ama2,256,25/12/2020,Reporte Modelo AMA-2,ama,"maco,ack,jacg",Reporte AMA-2 2020-12-25.pdf,Modelo AMA-2 Informe,Proyecciones 25 de diciembre de 2020
11,hospitalaria,255,23/12/2020,Reporte,atencion_hospitalaria,,tiempo-atencion-hospitalaria-2020-12-23.pptx,Tiempo de atención hospitalaria ante Covid-19,Reporte 23 de diciembre de 2020
13,tendencia,254,21/12/2020,Reporte tendencia,tendencia,"jev,jpa,isb",201221ReporteTendenciaSemanal.pdf,Tendencias de Curvas Epidémicas de Casos Nuevos y Mortalidad de COVID-19,
12,rtmovilidad,253,21/12/2020,Reporte,rt_movilidad,"ggf,mgg	",R_t__COVID19-2020-12-21.pdf,Predicción de R(t) usando movilidad,
10,movilidad2,252,21/12/2020,Reporte Movilidad-2,movilidad,mgg,Movilidad_COVID19-2020-12-21.pdf,"Medición de Movilidad-2 usando Facebook, Google y Twitter. Informe 2",
5,ama2,251,17/12/2020,Reporte Modelo AMA-2,ama,"maco,ack,jacg",Reporte AMA-2 2020-12-17.pdf,Modelo AMA-2 Informe,Proyecciones 17 de diciembre de 2020
12,rtmovilidad,250,18/12/2020,Reporte,rt_movilidad,"ggf,mgg	",R_t__COVID19-2020-12-18.pdf,Predicción de R(t) usando movilidad,
10,movilidad2,249,18/12/2020,Reporte Movilidad-2,movilidad,mgg,Movilidad_COVID19-2020-12-18.pdf,"Medición de Movilidad-2 usando Facebook, Google y Twitter. Informe 2",
12,rtmovilidad,248,16/12/2020,Reporte,rt_movilidad,"ggf,mgg	",R_t__COVID19-2020-12-16.pdf,Predicción de R(t) usando movilidad,
10,movilidad2,247,16/12/2020,Reporte Movilidad-2,movilidad,mgg,Movilidad_COVID19-2020-12-16.pdf,"Medición de Movilidad-2 usando Facebook, Google y Twitter. Informe 2",
13,tendencia,246,14/12/2020,Reporte tendencia,tendencia,"jev,jpa,isb",201214ReporteTendenciaSemanal.pdf,Tendencias de Curvas Epidémicas de Casos Nuevos y Mortalidad de COVID-19,
13,tendencia,245,07/12/2020,Reporte tendencia,tendencia,"jev,jpa,isb",201207ReporteTendenciaSemanal.pdf,Tendencias de Curvas Epidémicas de Casos Nuevos y Mortalidad de COVID-19,
7,gompertz2,244,16/12/2020,Reporte Gompertz-2,gompertz,"ggf,rrq,dirg",CIMAT_Gompertz_201216.pdf,Estimaciones del Modelo Gompertz-2 para los Estados y Zonas Metropolitanas de México,Estimaciones del Modelo Gompertz para los Estados y Zonas Metropolitanas de México al 16 de diciembre de 2020
8,rt,243,16/12/2020,Reporte,rt,"ggf,dirg",CIMAT_EstimacionRTCOVID_201216.pdf,Estimaciones de la Tasa de Reproducción Efectiva Rt de COVID-19 para los Estados y Zonas Metropolitanas de México,Estimaciones de la Tasa de Reproducción Efectiva Rt de COVID-19 para los Estados y Zonas Metropolitanas de México al 16 de diciembre de 2020
11,hospitalaria,242,16/12/2020,Reporte,atencion_hospitalaria,,tiempo-atencion-hospitalaria-2020-12-16.pptx,Tiempo de atención hospitalaria ante Covid-19,Reporte 16 de diciembre de 2020
12,rtmovilidad,241,14/12/2020,Reporte,rt_movilidad,"ggf,mgg	",R_t__COVID19-2020-12-14.pdf,Predicción de R(t) usando movilidad,
10,movilidad2,240,14/12/2020,Reporte Movilidad-2,movilidad,mgg,Movilidad_COVID19-2020-12-14.pdf,"Medición de Movilidad-2 usando Facebook, Google y Twitter. Informe 2",
5,ama2,239,10/12/2020,Reporte Modelo AMA-2,ama,"maco,ack,jacg",Reporte AMA-2 2020-12-10.pdf,Modelo AMA-2 Informe,Proyecciones 10 de diciembre de 2020
10,movilidad2,238,11/12/2020,Reporte Movilidad-2,movilidad,mgg,Movilidad_COVID19-2020-12-11.pdf,"Medición de Movilidad-2 usando Facebook, Google y Twitter. Informe 2",
12,rtmovilidad,237,11/12/2020,Reporte,rt_movilidad,"ggf,mgg	",R_t__COVID19-2020-12-11.pdf,Predicción de R(t) usando movilidad,
7,gompertz2,236,09/12/2020,Reporte Gompertz-2,gompertz,"ggf,rrq,dirg",CIMAT_Gompertz_201209.pdf,Estimaciones del Modelo Gompertz-2 para los Estados y Zonas Metropolitanas de México,Estimaciones del Modelo Gompertz para los Estados y Zonas Metropolitanas de México al 09 de diciembre de 2020
8,rt,235,09/12/2020,Reporte,rt,"ggf,dirg",CIMAT_EstimacionRTCOVID_201209.pdf,Estimaciones de la Tasa de Reproducción Efectiva Rt de COVID-19 para los Estados y Zonas Metropolitanas de México,Estimaciones de la Tasa de Reproducción Efectiva Rt de COVID-19 para los Estados y Zonas Metropolitanas de México al 09 de diciembre de 2020
12,rtmovilidad,234,09/12/2020,Reporte,rt_movilidad,"ggf,mgg	",R_t__COVID19-2020-12-09.pdf,Predicción de R(t) usando movilidad,
10,movilidad2,233,09/12/2020,Reporte Movilidad-2,movilidad,mgg,Movilidad_COVID19-2020-12-09.pdf,"Medición de Movilidad-2 usando Facebook, Google y Twitter. Informe 2",
11,hospitalaria,232,09/12/2020,Reporte,atencion_hospitalaria,,tiempo-atencion-hospitalaria-2020-12-09.pptx,Tiempo de atención hospitalaria ante Covid-19,Reporte 09 de diciembre de 2020
13,tendencia,231,30/11/2020,Reporte tendencia,tendencia,"jev,jpa,isb",201130ReporteTendenciaSemanal.pdf,Tendencias de Curvas Epidémicas de Casos Nuevos y Mortalidad de COVID-19,
13,tendencia,230,23/11/2020,Reporte tendencia,tendencia,"jev,jpa,isb",201123ReporteTendenciaSemanal.pdf,Tendencias de Curvas Epidémicas de Casos Nuevos y Mortalidad de COVID-19,
13,tendencia,229,16/11/2020,Reporte tendencia,tendencia,"jev,jpa,isb",201116ReporteTendenciaSemanal.pdf,Tendencias de Curvas Epidémicas de Casos Nuevos y Mortalidad de COVID-19,
13,tendencia,228,09/11/2020,Reporte tendencia,tendencia,"jev,jpa,isb",201109ReporteTendenciaSemanal.pdf,Tendencias de Curvas Epidémicas de Casos Nuevos y Mortalidad de COVID-19,
13,tendencia,227,02/11/2020,Reporte tendencia,tendencia,"jev,jpa,isb",201102ReporteTendenciaSemanal.pdf,Tendencias de Curvas Epidémicas de Casos Nuevos y Mortalidad de COVID-19,
10,movilidad2,226,07/12/2020,Reporte Movilidad-2,movilidad,mgg,Movilidad_COVID19-2020-12-07.pdf,"Medición de Movilidad-2 usando Facebook, Google y Twitter. Informe 2",
12,rtmovilidad,225,07/12/2020,Reporte,rt_movilidad,"ggf,mgg	",R_t__COVID19-2020-12-07.pdf,Predicción de R(t) usando movilidad,
12,rtmovilidad,224,04/12/2020,Reporte,rt_movilidad,"ggf,mgg	",R_t__COVID19-2020-12-04.pdf,Predicción de R(t) usando movilidad,
10,movilidad2,223,04/12/2020,Reporte Movilidad-2,movilidad,mgg,Movilidad_COVID19-2020-12-04.pdf,"Medición de Movilidad-2 usando Facebook, Google y Twitter. Informe 2",
5,ama2,222,03/12/2020,Reporte Modelo AMA-2,ama,"maco,ack,jacg",Reporte AMA-2 2020-12-03.pdf,Modelo AMA-2 Informe,Proyecciones 03 de diciembre de 2020
7,gompertz2,221,02/12/2020,Reporte Gompertz-2,gompertz,"ggf,rrq,dirg",CIMAT_Gompertz_201202.pdf,Estimaciones del Modelo Gompertz-2 para los Estados y Zonas Metropolitanas de México,Estimaciones del Modelo Gompertz para los Estados y Zonas Metropolitanas de México al 02 de diciembre de 2020
8,rt,220,02/12/2020,Reporte,rt,"ggf,dirg",CIMAT_EstimacionRTCOVID_201202.pdf,Estimaciones de la Tasa de Reproducción Efectiva Rt de COVID-19 para los Estados y Zonas Metropolitanas de México,Estimaciones de la Tasa de Reproducción Efectiva Rt de COVID-19 para los Estados y Zonas Metropolitanas de México al 02 de diciembre de 2020
11,hospitalaria,219,02/12/2020,Reporte,atencion_hospitalaria,,tiempo-atencion-hospitalaria-2020-12-02.pptx,Tiempo de atención hospitalaria ante Covid-19,Reporte 02 de diciembre de 2020
10,movilidad2,218,30/11/2020,Reporte Movilidad-2,movilidad,mgg,Movilidad_COVID19-2020-11-30.pdf,"Medición de Movilidad-2 usando Facebook, Google y Twitter. Informe 2",
12,rtmovilidad,217,30/11/2020,Reporte,rt_movilidad,"ggf,mgg",R_t__COVID19-2020-11-30.pdf,Predicción de R(t) usando movilidad,
5,ama2,216,26/11/2020,Reporte Modelo AMA-2,ama,"maco,ack,jacg",Reporte AMA-2 2020-11-26.pdf,Modelo AMA-2 Informe,Proyecciones 26 de noviembre de 2020
10,movilidad2,215,27/11/2020,Reporte Movilidad-2,movilidad,mgg,Movilidad_COVID19-2020-11-27.pdf,"Medición de Movilidad-2 usando Facebook, Google y Twitter. Informe 2",
12,rtmovilidad,214,27/11/2020,Reporte,rt_movilidad,"ggf,mgg",R_t__COVID19-2020-11-27.pdf,Predicción de R(t) usando movilidad,
11,hospitalaria,213,27/11/2020,Reporte,atencion_hospitalaria,,tiempo-atencion-hospitalaria-2020-11-27.pptx,Tiempo de atención hospitalaria ante Covid-19,Reporte 27 de noviembre 2020
7,gompertz2,212,25/11/2020,Reporte Gompertz-2,gompertz,"ggf,rrq,dirg",CIMAT_Gompertz_201125.pdf,Estimaciones del Modelo Gompertz-2 para los Estados y Zonas Metropolitanas de México,Estimaciones del Modelo Gompertz para los Estados y Zonas Metropolitanas de México al 25 de noviembre de 2020
8,rt,211,25/11/2020,Reporte,rt,"ggf,dirg",CIMAT_EstimacionRTCOVID_201125.pdf,Estimaciones de la Tasa de Reproducción Efectiva Rt de COVID-19 para los Estados y Zonas Metropolitanas de México,Estimaciones de la Tasa de Reproducción Efectiva Rt de COVID-19 para los Estados y Zonas Metropolitanas de México al 25 de noviembre de 2020
10,movilidad2,210,23/11/2020,Reporte Movilidad-2,movilidad,mgg,Movilidad_COVID19-2020-11-23.pdf,"Medición de Movilidad-2 usando Facebook, Google y Twitter. Informe 2",
12,rtmovilidad,209,23/11/2020,Reporte,rt_movilidad,"ggf,mgg",R_t__COVID19-2020-11-23.pdf,Predicción de R(t) usando movilidad,
5,ama2,208,19/11/2020,Reporte Modelo AMA-2,ama,"maco,ack,jacg",Reporte AMA-2 2020-11-19.pdf,Modelo AMA-2 Informe,Proyecciones 19 de noviembre de 2020
6,gompertz,207,18/11/2020,Reporte,gompertz,"ggf,rrq,dirg",CIMAT_Gompertz1_201118.pdf,Estimaciones del Modelo Gompertz para los Estados y Zonas Metropolitanas de México,Estimaciones del Modelo Gompertz para los Estados y Zonas Metropolitanas de México al 18 de noviembre de 2020
7,gompertz2,206,18/11/2020,Reporte Gompertz-2,gompertz,"ggf,rrq,dirg",CIMAT_Gompertz_201118.pdf,Estimaciones del Modelo Gompertz-2 para los Estados y Zonas Metropolitanas de México,Estimaciones del Modelo Gompertz para los Estados y Zonas Metropolitanas de México al 18 de noviembre de 2020
8,rt,205,18/11/2020,Reporte,rt,"ggf,dirg",CIMAT_EstimacionRTCOVID_201118.pdf,Estimaciones de la Tasa de Reproducción Efectiva Rt de COVID-19 para los Estados y Zonas Metropolitanas de México,Estimaciones de la Tasa de Reproducción Efectiva Rt de COVID-19 para los Estados y Zonas Metropolitanas de México al 18 de noviembre de 2020
12,rtmovilidad,204,20/11/2020,Reporte,rt_movilidad,"ggf,mgg",R_t__COVID19-2020-11-20.pdf,Predicción de R(t) usando movilidad,
10,movilidad2,203,20/11/2020,Reporte Movilidad-2,movilidad,mgg,Movilidad_COVID19-2020-11-20.pdf,"Medición de Movilidad-2 usando Facebook, Google y Twitter. Informe 2",
12,rtmovilidad,202,13/11/2020,Reporte,rt_movilidad,"ggf,mgg",R_t__COVID19-2020-11-13.pdf,Predicción de R(t) usando movilidad,
12,rtmovilidad,201,11/11/2020,Reporte,rt_movilidad,"ggf,mgg",R_t__COVID19-2020-11-11.pdf,Predicción de R(t) usando movilidad,
12,rtmovilidad,200,09/11/2020,Reporte,rt_movilidad,"ggf,mgg",R_t__COVID19-2020-11-09.pdf,Predicción de R(t) usando movilidad,
12,rtmovilidad,199,06/11/2020,Reporte,rt_movilidad,"ggf,mgg",R_t__COVID19-2020-11-06.pdf,Predicción de R(t) usando movilidad,
12,rtmovilidad,198,05/11/2020,Reporte,rt_movilidad,"ggf,mgg",R_t__COVID19-2020-11-05.pdf,Predicción de R(t) usando movilidad,
12,rtmovilidad,197,30/10/2020,Reporte,rt_movilidad,"ggf,mgg",R_t__COVID19-2020-10-30.pdf,Predicción de R(t) usando movilidad,
12,rtmovilidad,196,28/10/2020,Reporte,rt_movilidad,"ggf,mgg",R_t__COVID19-2020-10-28.pdf,Predicción de R(t) usando movilidad,
12,rtmovilidad,195,26/10/2020,Reporte,rt_movilidad,"ggf,mgg",R_t__COVID19-2020-10-26.pdf,Predicción de R(t) usando movilidad,
12,rtmovilidad,194,23/10/2020,Reporte,rt_movilidad,"ggf,mgg",R_t__COVID19-2020-10-23.pdf,Predicción de R(t) usando movilidad,
12,rtmovilidad,193,21/10/2020,Reporte,rt_movilidad,"ggf,mgg",R_t__COVID19-2020-10-21.pdf,Predicción de R(t) usando movilidad,
12,rtmovilidad,192,19/10/2020,Reporte,rt_movilidad,"ggf,mgg",R_t__COVID19-2020-10-19.pdf,Predicción de R(t) usando movilidad,
12,rtmovilidad,191,14/10/2020,Reporte,rt_movilidad,"ggf,mgg",R_t__COVID19-2020-10-14.pdf,Predicción de R(t) usando movilidad,
12,rtmovilidad,190,12/10/2020,Reporte,rt_movilidad,"ggf,mgg",R_t__COVID19-2020-10-12.pdf,Predicción de R(t) usando movilidad,
12,rtmovilidad,189,07/10/2020,Reporte,rt_movilidad,"ggf,mgg",R_t__COVID19-2020-10-07.pdf,Predicción de R(t) usando movilidad,
12,rtmovilidad,188,05/10/2020,Reporte,rt_movilidad,"ggf,mgg",R_t__COVID19-2020-10-05.pdf,Predicción de R(t) usando movilidad,
12,rtmovilidad,187,28/09/2020,Reporte,rt_movilidad,"ggf,mgg",R_t__COVID19-2020-09-28.pdf,Predicción de R(t) usando movilidad,
12,rtmovilidad,186,23/09/2020,Reporte,rt_movilidad,"ggf,mgg",R_t__COVID19-2020-09-23.pdf,Predicción de R(t) usando movilidad,
12,rtmovilidad,185,21/09/2020,Reporte,rt_movilidad,"ggf,mgg",R_t__COVID19-2020-09-21.pdf,Predicción de R(t) usando movilidad,
12,rtmovilidad,184,18/09/2020,Reporte,rt_movilidad,"ggf,mgg",R_t__COVID19-2020-09-18.pdf,Predicción de R(t) usando movilidad,
12,rtmovilidad,183,14/09/2020,Reporte,rt_movilidad,"ggf,mgg",R_t__COVID19-2020-09-14.pdf,Predicción de R(t) usando movilidad,
12,rtmovilidad,182,11/09/2020,Reporte,rt_movilidad,"ggf,mgg",R_t__COVID19-2020-09-11.pdf,Predicción de R(t) usando movilidad,
12,rtmovilidad,181,09/09/2020,Reporte,rt_movilidad,"ggf,mgg",R_t__COVID19-2020-09-09.pdf,Predicción de R(t) usando movilidad,
12,rtmovilidad,180,07/09/2020,Reporte,rt_movilidad,"ggf,mgg",R_t__COVID19-2020-09-07.pdf,Predicción de R(t) usando movilidad,
12,rtmovilidad,179,04/09/2020,Reporte,rt_movilidad,"ggf,mgg",R_t__COVID19-2020-09-04.pdf,Predicción de R(t) usando movilidad,
12,rtmovilidad,178,02/09/2020,Reporte,rt_movilidad,"ggf,mgg",R_t__COVID19-2020-09-02.pdf,Predicción de R(t) usando movilidad,
12,rtmovilidad,177,30/08/2020,Reporte,rt_movilidad,"ggf,mgg",R_t__COVID19-2020-08-30.pdf,Predicción de R(t) usando movilidad,
12,rtmovilidad,176,28/08/2020,Reporte,rt_movilidad,"ggf,mgg",R_t__COVID19-2020-08-28.pdf,Predicción de R(t) usando movilidad,
12,rtmovilidad,175,26/08/2020,Reporte,rt_movilidad,"ggf,mgg",R_t__COVID19-2020-08-26.pdf,Predicción de R(t) usando movilidad,
12,rtmovilidad,174,24/08/2020,Reporte,rt_movilidad,"ggf,mgg",R_t__COVID19-2020-08-24.pdf,Predicción de R(t) usando movilidad,
12,rtmovilidad,173,21/08/2020,Reporte,rt_movilidad,"ggf,mgg",R_t__COVID19-2020-08-21.pdf,Predicción de R(t) usando movilidad,
12,rtmovilidad,172,19/08/2020,Reporte,rt_movilidad,"ggf,mgg",R_t__COVID19-2020-08-19.pdf,Predicción de R(t) usando movilidad,
12,rtmovilidad,171,17/08/2020,Reporte,rt_movilidad,"ggf,mgg",R_t__COVID19-2020-08-17.pdf,Predicción de R(t) usando movilidad,
12,rtmovilidad,170,14/08/2020,Reporte,rt_movilidad,"ggf,mgg",R_t__COVID19-2020-08-14.pdf,Predicción de R(t) usando movilidad,
12,rtmovilidad,169,12/08/2020,Reporte,rt_movilidad,"ggf,mgg",R_t__COVID19-2020-08-12.pdf,Predicción de R(t) usando movilidad,
12,rtmovilidad,168,10/08/2020,Reporte,rt_movilidad,"ggf,mgg",R_t__COVID19-2020-08-10.pdf,Predicción de R(t) usando movilidad,
12,rtmovilidad,167,07/08/2020,Reporte,rt_movilidad,"ggf,mgg",R_t__COVID19-2020-08-07.pdf,Predicción de R(t) usando movilidad,
5,ama2,166,12/11/2020,Reporte Modelo AMA-2,ama,"maco,ack,jacg",Reporte AMA-2 2020-11-12.pdf,Modelo AMA-2 Informe,Proyecciones 12 de noviembre de 2020
7,gompertz2,165,11/11/2020,Reporte Gompertz-2,gompertz,"ggf,rrq,dirg",CIMAT_Gompertz_201111.pdf,Estimaciones del Modelo Gompertz-2 para los Estados y Zonas Metropolitanas de México,Estimaciones del Modelo Gompertz para los Estados y Zonas Metropolitanas de México al 11 de noviembre de 2020
8,rt,164,11/11/2020,Reporte,rt,"ggf,dirg",CIMAT_EstimacionRTCOVID_201111.pdf,Estimaciones de la Tasa de Reproducción Efectiva Rt de COVID-19 para los Estados y Zonas Metropolitanas de México,Estimaciones de la Tasa de Reproducción Efectiva Rt de COVID-19 para los Estados y Zonas Metropolitanas de México al 11 de noviembre de 2020
5,ama2,163,05/11/2020,Reporte Modelo AMA-2,ama,"maco,ack,jacg",Reporte AMA-2 2020-11-05.pdf,Modelo AMA-2 Informe,Proyecciones 05 de noviembre de 2020
10,movilidad2,162,09/11/2020,Reporte Movilidad-2,movilidad,mgg,Movilidad_COVID19-2020-11-09.pdf,"Medición de Movilidad-2 usando Facebook, Google y Twitter. Informe 2",
10,movilidad2,161,06/11/2020,Reporte Movilidad-2,movilidad,mgg,Movilidad_COVID19-2020-11-06.pdf,"Medición de Movilidad-2 usando Facebook, Google y Twitter. Informe 2",
7,gompertz2,160,04/11/2020,Reporte Gompertz-2,gompertz,"ggf,rrq,dirg",CIMAT_Gompertz_201104.pdf,Estimaciones del Modelo Gompertz-2 para los Estados y Zonas Metropolitanas de México,Estimaciones del Modelo Gompertz para los Estados y Zonas Metropolitanas de México al 04 de noviembre de 2020
8,rt,159,04/11/2020,Reporte,rt,"ggf,dirg",CIMAT_EstimacionRTCOVID_201104.pdf,Estimaciones de la Tasa de Reproducción Efectiva Rt de COVID-19 para los Estados y Zonas Metropolitanas de México,Estimaciones de la Tasa de Reproducción Efectiva Rt de COVID-19 para los Estados y Zonas Metropolitanas de México al 04 de noviembre de 2020
10,movilidad2,158,05/11/2020,Reporte Movilidad-2,movilidad,mgg,Movilidad_COVID19-2020-11-05.pdf,"Medición de Movilidad-2 usando Facebook, Google y Twitter. Informe 2",
6,gompertz,157,28/10/2020,Reporte,gompertz,"ggf,rrq,dirg",CIMAT_Gompertz_201028.pdf,Estimaciones del Modelo Gompertz para los Estados y Zonas Metropolitanas de México,Estimaciones del Modelo Gompertz para los Estados y Zonas Metropolitanas de México al 28 de octubre de 2020
8,rt,156,28/10/2020,Reporte,rt,"ggf,dirg",CIMAT_EstimacionRTCOVID_201028.pdf,Estimaciones de la Tasa de Reproducción Efectiva Rt de COVID-19 para los Estados y Zonas Metropolitanas de México,Estimaciones de la Tasa de Reproducción Efectiva Rt de COVID-19 para los Estados y Zonas Metropolitanas de México al 28 de octubre de 2020
11,hospitalaria,155,03/11/2020,Reporte,atencion_hospitalaria,,tiempo-atencion-hospitalaria-2020-11-03.pptx,Tiempo de atención hospitalaria ante Covid-19,Reporte 3 de noviembre 2020
5,ama2,154,29/10/2020,Reporte Modelo AMA-2,ama,"maco,ack,jacg",Reporte AMA-2 2020-10-29.pdf,Modelo AMA-2 Informe,Proyecciones 29 de octubre de 2020
10,movilidad2,153,30/10/2020,Reporte Movilidad-2,movilidad,mgg,Movilidad_COVID19-2020-10-30.pdf,"Medición de Movilidad-2 usando Facebook, Google y Twitter. Informe 2",
10,movilidad2,152,28/10/2020,Reporte Movilidad-2,movilidad,mgg,Movilidad_COVID19-2020-10-28.pdf,"Medición de Movilidad-2 usando Facebook, Google y Twitter. Informe 2",
10,movilidad2,151,26/10/2020,Reporte Movilidad-2,movilidad,mgg,Movilidad_COVID19-2020-10-26.pdf,"Medición de Movilidad-2 usando Facebook, Google y Twitter. Informe 2",
5,ama2,150,22/10/2020,Reporte Modelo AMA-2,ama,"maco,ack,jacg",Reporte AMA-2 2020-10-22.pdf,Modelo AMA-2 Informe,Proyecciones 22 de octubre de 2020
10,movilidad2,149,23/10/2020,Reporte Movilidad-2,movilidad,mgg,Movilidad_COVID19-2020-10-23.pdf,"Medición de Movilidad-2 usando Facebook, Google y Twitter. Informe 2",
6,gompertz,148,21/10/2020,Reporte,gompertz,"ggf,rrq,dirg",CIMAT_Gompertz_201021.pdf,Estimaciones del Modelo Gompertz para los Estados y Zonas Metropolitanas de México,Estimaciones del Modelo Gompertz para los Estados y Zonas Metropolitanas de México al 21 de octubre de 2020
8,rt,147,21/10/2020,Reporte,rt,"ggf,dirg",CIMAT_EstimacionRTCOVID_201021.pdf,Estimaciones de la Tasa de Reproducción Efectiva Rt de COVID-19 para los Estados y Zonas Metropolitanas de México,Estimaciones de la Tasa de Reproducción Efectiva Rt de COVID-19 para los Estados y Zonas Metropolitanas de México al 21 de octubre de 2020
10,movilidad2,146,21/10/2020,Reporte Movilidad-2,movilidad,mgg,Movilidad_COVID19-2020-10-21.pdf,"Medición de Movilidad-2 usando Facebook, Google y Twitter. Informe 2",
10,movilidad2,145,19/10/2020,Reporte Movilidad-2,movilidad,mgg,Movilidad_COVID19-2020-10-19.pdf,"Medición de Movilidad-2 usando Facebook, Google y Twitter. Informe 2",
5,ama2,144,15/10/2020,Reporte Modelo AMA-2,ama,"maco,ack,jacg",Reporte AMA-2 2020-10-15.pdf,Modelo AMA-2 Informe,Proyecciones 15 de octubre de 2020
6,gompertz,143,14/10/2020,Reporte,gompertz,"ggf,rrq,dirg",CIMAT_Gompertz_201014.pdf,Estimaciones del Modelo Gompertz para los Estados y Zonas Metropolitanas de México,Estimaciones del Modelo Gompertz para los Estados y Zonas Metropolitanas de México al 14 de octubre de 2020
8,rt,142,14/10/2020,Reporte,rt,"ggf,dirg",CIMAT_EstimacionRTCOVID_201014.pdf,Estimaciones de la Tasa de Reproducción Efectiva Rt de COVID-19 para los Estados y Zonas Metropolitanas de México,Estimaciones de la Tasa de Reproducción Efectiva Rt de COVID-19 para los Estados y Zonas Metropolitanas de México al 14 de octubre de 2020
10,movilidad2,141,14/10/2020,Reporte Movilidad-2,movilidad,mgg,Movilidad_COVID19-2020-10-14.pdf,"Medición de Movilidad-2 usando Facebook, Google y Twitter. Informe 2",
5,ama2,140,08/10/2020,Reporte Modelo AMA-2,ama,"maco,ack,jacg",Reporte AMA-2 2020-10-08.pdf,Modelo AMA-2 Informe,Proyecciones 08 de octubre de 2020
10,movilidad2,139,12/10/2020,Reporte Movilidad-2,movilidad,mgg,Movilidad_COVID19-2020-10-12.pdf,"Medición de Movilidad-2 usando Facebook, Google y Twitter. Informe 2",
10,movilidad2,138,05/10/2020,Reporte Movilidad-2,movilidad,mgg,Movilidad_COVID19-2020-10-05.pdf,"Medición de Movilidad-2 usando Facebook, Google y Twitter. Informe 2",
6,gompertz,137,07/10/2020,Reporte,gompertz,"ggf,rrq,dirg",CIMAT_Gompertz_201007.pdf,Estimaciones del Modelo Gompertz para los Estados y Zonas Metropolitanas de México,Estimaciones del Modelo Gompertz para los Estados y Zonas Metropolitanas de México al 7 de octubre de 2020
8,rt,136,07/10/2020,Reporte,rt,"ggf,dirg",CIMAT_EstimacionRTCOVID_201007.pdf,Estimaciones de la Tasa de Reproducción Efectiva Rt de COVID-19 para los Estados y Zonas Metropolitanas de México,Estimaciones de la Tasa de Reproducción Efectiva Rt de COVID-19 para los Estados y Zonas Metropolitanas de México al 7 de octubre de 2020
5,ama2,135,01/10/2020,Reporte Modelo AMA-2,ama,"maco,ack,jacg",Reporte AMA-2 2020-10-01.pdf,Modelo AMA-2 Informe,Proyecciones 01 de octubre de 2020
8,rt,134,30/09/2020,Reporte,rt,"ggf,dirg",CIMAT_EstimacionRTCOVID_200930.pdf,Estimaciones de la Tasa de Reproducción Efectiva Rt de COVID-19 para los Estados y Zonas Metropolitanas de México,Estimaciones de la Tasa de Reproducción Efectiva Rt de COVID-19 para los Estados y Zonas Metropolitanas de México al 30 de septiembre de 2020
6,gompertz,133,30/09/2020,Reporte,gompertz,"ggf,rrq,dirg",CIMAT_Gompertz_200930.pdf,Estimaciones del Modelo Gompertz para los Estados y Zonas Metropolitanas de México,Estimaciones del Modelo Gompertz para los Estados y Zonas Metropolitanas de México al 30 de septiembre de 2020
5,ama2,132,24/09/2020,Reporte Modelo AMA-2,ama,"maco,ack,jacg",Reporte AMA-2 2020-09-24.pdf,Modelo AMA-2 Informe,Proyecciones 24 de Septiembre de 2020
8,rt,131,23/09/2020,Reporte,rt,"ggf,dirg",CIMAT_EstimacionRTCOVID_200923.pdf,Estimaciones de la Tasa de Reproducción Efectiva Rt de COVID-19 para los Estados y Zonas Metropolitanas de México,Estimaciones de la Tasa de Reproducción Efectiva Rt de COVID-19 para los Estados y Zonas Metropolitanas de México al 23 de septiembre de 2020
6,gompertz,130,23/09/2020,Reporte,gompertz,"ggf,rrq,dirg",CIMAT_Gompertz_200923.pdf,Estimaciones del Modelo Gompertz para los Estados y Zonas Metropolitanas de México,Estimaciones del Modelo Gompertz para los Estados y Zonas Metropolitanas de México al 23 de septiembre de 2020
5,ama2,129,17/09/2020,Reporte Modelo AMA-2,ama,"maco,ack,jacg",Reporte AMA-2 2020-09-17.pdf,Modelo AMA-2 Informe,Proyecciones 17 de Septiembre de 2020
9,movilidad,128,21/09/2020,Reporte,movilidad,"mgg,ogss,damo,eta,smj",movilidad-2020-09-21.pdf,"Medición de Movilidad usando Facebook, Google y Twitter","Se presentan vistas de la movilidad que se refleja en tres redes sociales Facebook, Google y Twitter, para el periodo del 15 de febrero del 2020 al 21 de septiembre de 2020"
9,movilidad,127,18/09/2020,Reporte,movilidad,"mgg,ogss,damo,eta,smj",movilidad-2020-09-18.pdf,"Medición de Movilidad usando Facebook, Google y Twitter","Se presentan vistas de la movilidad que se refleja en tres redes sociales Facebook, Google y Twitter, para el periodo del 15 de febrero del 2020 al 18 de septiembre de 2020"
8,rt,126,16/09/2020,Reporte,rt,"ggf,dirg",CIMAT_EstimacionRTCOVID_200916.pdf,Estimaciones de la Tasa de Reproducción Efectiva Rt de COVID-19 para los Estados y Zonas Metropolitanas de México,Estimaciones de la Tasa de Reproducción Efectiva Rt de COVID-19 para los Estados y Zonas Metropolitanas de México al 16 de septiembre de 2020
6,gompertz,125,16/09/2020,Reporte,gompertz,"ggf,rrq,dirg",CIMAT_Gompertz_200916.pdf,Estimaciones del Modelo Gompertz para los Estados y Zonas Metropolitanas de México,Estimaciones del Modelo Gompertz para los Estados y Zonas Metropolitanas de México al 16 de septiembre de 2020
9,movilidad,124,14/09/2020,Reporte,movilidad,"mgg,ogss,damo,eta,smj",movilidad-2020-09-14.pdf,"Medición de Movilidad usando Facebook, Google y Twitter","Se presentan vistas de la movilidad que se refleja en tres redes sociales Facebook, Google y Twitter, para el periodo del 15 de febrero del 2020 al 14 de septiembre de 2020"
5,ama2,123,10/09/2020,Reporte Modelo AMA-2,ama,"maco,ack,jacg",Reporte AMA-2 2020-09-10.pdf,Modelo AMA-2 Informe,Proyecciones 10 de Septiembre de 2020
9,movilidad,122,11/09/2020,Reporte,movilidad,"mgg,ogss,damo,eta,smj",movilidad-2020-09-11.pdf,"Medición de Movilidad usando Facebook, Google y Twitter","Se presentan vistas de la movilidad que se refleja en tres redes sociales Facebook, Google y Twitter, para el periodo del 15 de febrero del 2020 al 11 de septiembre de 2020"
8,rt,121,09/09/2020,Reporte,rt,"ggf,dirg",CIMAT_EstimacionRTCOVID_200909.pdf,Estimaciones de la Tasa de Reproducción Efectiva Rt de COVID-19 para los Estados y Zonas Metropolitanas de México,Estimaciones de la Tasa de Reproducción Efectiva Rt de COVID-19 para los Estados y Zonas Metropolitanas de México al 09 de septiembre de 2020
6,gompertz,120,09/09/2020,Reporte,gompertz,"ggf,rrq,dirg",CIMAT_Gompertz_200909.pdf,Estimaciones del Modelo Gompertz para los Estados y Zonas Metropolitanas de México,Estimaciones del Modelo Gompertz para los Estados y Zonas Metropolitanas de México al 09 de septiembre de 2020
9,movilidad,119,09/09/2020,Reporte,movilidad,"mgg,ogss,damo,eta,smj",movilidad-2020-09-09.pdf,"Medición de Movilidad usando Facebook, Google y Twitter","Se presentan vistas de la movilidad que se refleja en tres redes sociales Facebook, Google y Twitter, para el periodo del 15 de febrero del 2020 al 09 de septiembre de 2020"
5,ama2,118,04/09/2020,Reporte Modelo AMA-2,ama,"maco,ack,jacg",Reporte AMA-2 2020-09-04.pdf,Modelo AMA-2 Informe,Proyecciones 04 de Septiembre de 2020
9,movilidad,117,07/09/2020,Reporte,movilidad,"mgg,ogss,damo,eta,smj",movilidad-2020-09-07.pdf,"Medición de Movilidad usando Facebook, Google y Twitter","Se presentan vistas de la movilidad que se refleja en tres redes sociales Facebook, Google y Twitter, para el periodo del 15 de febrero del 2020 al 06 de septiembre de 2020"
8,rt,116,02/09/2020,Reporte,rt,"ggf,dirg",CIMAT_EstimacionRTCOVID_200902.pdf,Estimaciones de la Tasa de Reproducción Efectiva Rt de COVID-19 para los Estados y Zonas Metropolitanas de México,Estimaciones de la Tasa de Reproducción Efectiva Rt de COVID-19 para los Estados y Zonas Metropolitanas de México al 02 de septiembre de 2020
6,gompertz,115,02/09/2020,Reporte,gompertz,"ggf,rrq,dirg",CIMAT_Gompertz_200902.pdf,Estimaciones del Modelo Gompertz para los Estados y Zonas Metropolitanas de México,Estimaciones del Modelo Gompertz para los Estados y Zonas Metropolitanas de México al 02 de septiembre de 2020
9,movilidad,114,04/09/2020,Reporte,movilidad,"mgg,ogss,damo,eta,smj",movilidad-2020-09-04.pdf,"Medición de Movilidad usando Facebook, Google y Twitter","Se presentan vistas de la movilidad que se refleja en tres redes sociales Facebook, Google y Twitter, para el periodo del 15 de febrero del 2020 al 4 de septiembre de 2020"
9,movilidad,113,02/09/2020,Reporte,movilidad,"mgg,ogss,damo,eta,smj",movilidad-2020-09-02.pdf,"Medición de Movilidad usando Facebook, Google y Twitter","Se presentan vistas de la movilidad que se refleja en tres redes sociales Facebook, Google y Twitter, para el periodo del 15 de febrero del 2020 al 1 de septiembre de 2020"
9,movilidad,112,31/08/2020,Reporte,movilidad,"mgg,ogss,damo,eta,smj",movilidad-2020-08-31.pdf,"Medición de Movilidad usando Facebook, Google y Twitter","Se presentan vistas de la movilidad que se refleja en tres redes sociales Facebook, Google y Twitter, para el periodo del 15 de febrero del 2020 al 30 de agosto de 2020"
5,ama2,111,28/08/2020,Reporte Modelo AMA-2,ama,"maco,ack,jacg",Reporte AMA-2 2020-08-28.pdf,Modelo AMA-2 Informe,Proyecciones 28 de agosto de 2020
9,movilidad,110,28/08/2020,Reporte,movilidad,"mgg,ogss,damo,eta,smj",movilidad-2020-08-28.pdf,"Medición de Movilidad usando Facebook, Google y Twitter","Se presentan vistas de la movilidad que se refleja en tres redes sociales Facebook, Google y Twitter, para el periodo del 15 de febrero del 2020 al 27 de agosto de 2020"
8,rt,109,26/08/2020,Reporte,rt,"ggf,dirg",CIMAT_EstimacionRTCOVID_200826.pdf,Estimaciones de la Tasa de Reproducción Efectiva Rt de COVID-19 para los Estados y Zonas Metropolitanas de México,Estimaciones de la Tasa de Reproducción Efectiva Rt de COVID-19 para los Estados y Zonas Metropolitanas de México al 26 de agosto de 2020
6,gompertz,108,26/08/2020,Reporte,gompertz,"ggf,rrq,dirg",CIMAT_Gompertz_200826.pdf,Estimaciones del Modelo Gompertz para los Estados y Zonas Metropolitanas de México,Estimaciones del Modelo Gompertz para los Estados y Zonas Metropolitanas de México al 26 de agosto de 2020
9,movilidad,107,26/08/2020,Reporte,movilidad,"mgg,ogss,damo,eta,smj",movilidad-2020-08-26.pdf,"Medición de Movilidad usando Facebook, Google y Twitter","Se presentan vistas de la movilidad que se refleja en tres redes sociales Facebook, Google y Twitter, para el periodo del 15 de febrero del 2020 al 25 de agosto de 2020"
5,ama2,106,24/08/2020,Reporte Modelo AMA-2,ama,"maco,ack,jacg",Reporte AMA-2 2020-08-24.pdf,Modelo AMA-2 Informe,Proyecciones 24 de agosto de 2020
9,movilidad,105,24/08/2020,Reporte,movilidad,"mgg,ogss,damo,eta,smj",movilidad-2020-08-24.pdf,"Medición de Movilidad usando Facebook, Google y Twitter","Se presentan vistas de la movilidad que se refleja en tres redes sociales Facebook, Google y Twitter, para el periodo del 15 de febrero del 2020 al 23 de agosto de 2020"
9,movilidad,104,21/08/2020,Reporte,movilidad,"mgg,ogss,damo,eta,smj",movilidad-2020-08-21.pdf,"Medición de Movilidad usando Facebook, Google y Twitter","Se presentan vistas de la movilidad que se refleja en tres redes sociales Facebook, Google y Twitter, para el periodo del 15 de febrero del 2020 al 20 de agosto de 2020"
9,movilidad,103,19/08/2020,Reporte,movilidad,"mgg,ogss,damo,eta,smj",movilidad-2020-08-19.pdf,"Medición de Movilidad usando Facebook, Google y Twitter","Se presentan vistas de la movilidad que se refleja en tres redes sociales Facebook, Google y Twitter, para el periodo del 15 de febrero del 2020 al 18 de agosto de 2020"
8,rt,102,12/08/2020,Reporte,rt,"ggf,dirg",CIMAT_EstimacionRTCOVID_200812.pdf,Estimaciones de la Tasa de Reproducción Efectiva Rt de COVID-19 para los Estados y Zonas Metropolitanas de México,Estimaciones de la Tasa de Reproducción Efectiva Rt de COVID-19 para los Estados y Zonas Metropolitanas de México al 12 de agosto de 2020
6,gompertz,101,12/08/2020,Reporte,gompertz,"ggf,rrq,dirg",CIMAT_Gompertz_200812.pdf,Estimaciones del Modelo Gompertz para los Estados y Zonas Metropolitanas de México,Estimaciones del Modelo Gompertz para los Estados y Zonas Metropolitanas de México al 12 de agosto de 2020
9,movilidad,100,17/08/2020,Reporte,movilidad,"mgg,ogss,damo,eta,smj",movilidad-2020-08-17.pdf,"Medición de Movilidad usando Facebook, Google y Twitter","Se presentan vistas de la movilidad que se refleja en tres redes sociales Facebook, Google y Twitter, para el periodo del 15 de febrero del 2020 al 16 de agosto de 2020"
5,ama2,99,17/08/2020,Reporte Modelo AMA-2,ama,"maco,ack,jacg",Reporte AMA-2 2020-08-17.pdf,Modelo AMA-2 Informe,Proyecciones 16 de agosto de 2020
9,movilidad,98,14/08/2020,Reporte,movilidad,"mgg,ogss,damo,eta,smj",movilidad-2020-08-14.pdf,"Medición de Movilidad usando Facebook, Google y Twitter","Se presentan vistas de la movilidad que se refleja en tres redes sociales Facebook, Google y Twitter, para el periodo del 15 de febrero del 2020 al 13 de agosto de 2020"
9,movilidad,97,12/08/2020,Reporte,movilidad,"mgg,ogss,damo,eta,smj",movilidad-2020-08-12.pdf,"Medición de Movilidad usando Facebook, Google y Twitter","Se presentan vistas de la movilidad que se refleja en tres redes sociales Facebook, Google y Twitter, para el periodo del 15 de febrero del 2020 al 11 de agosto de 2020"
9,movilidad,96,10/08/2020,Reporte,movilidad,"mgg,ogss,damo,eta,smj",movilidad-2020-08-10.pdf,"Medición de Movilidad usando Facebook, Google y Twitter","Se presentan vistas de la movilidad que se refleja en tres redes sociales Facebook, Google y Twitter, para el periodo del 15 de febrero del 2020 al 9 de agosto de 2020"
5,ama2,95,07/08/2020,Reporte Modelo AMA-2,ama,"maco,ack,jacg",Reporte AMA-2 2020-08-07.pdf,Modelo AMA-2 Informe,Proyecciones 7 de agosto de 2020
8,rt,94,05/08/2020,Reporte,rt,"ggf,dirg",CIMAT_EstimacionRTCOVID_200805.pdf,Estimaciones de la Tasa de Reproducción Efectiva Rt de COVID-19 para los Estados y Zonas Metropolitanas de México,Estimaciones de la Tasa de Reproducción Efectiva Rt de COVID-19 para los Estados y Zonas Metropolitanas de México al 5 de agosto de 2020
6,gompertz,93,05/08/2020,Reporte,gompertz,"ggf,rrq,dirg",CIMAT_Gompertz_200805.pdf,Estimaciones del Modelo Gompertz para los Estados y Zonas Metropolitanas de México,Estimaciones del Modelo Gompertz para los Estados y Zonas Metropolitanas de México al 5 de agosto de 2020
9,movilidad,92,07/08/2020,Reporte,movilidad,"mgg,ogss,damo,eta,smj",movilidad-2020-08-07.pdf,"Medición de Movilidad usando Facebook, Google y Twitter","Se presentan vistas de la movilidad que se refleja en tres redes sociales Facebook, Google y Twitter, para el periodo del 15 de febrero del 2020 al 6 de agosto de 2020"
9,movilidad,91,05/08/2020,Reporte,movilidad,"mgg,ogss,damo,eta,smj",movilidad-2020-08-05.pdf,"Medición de Movilidad usando Facebook, Google y Twitter","Se presentan vistas de la movilidad que se refleja en tres redes sociales Facebook, Google y Twitter, para el periodo del 15 de febrero del 2020 al 4 de agosto de 2020"
5,ama2,90,31/07/2020,Reporte Modelo AMA-2,ama,"maco,ack,jacg",Reporte AMA-2 2020-07-31.pdf,Modelo AMA-2 Informe,Proyecciones 31 de julio de 2020
9,movilidad,89,03/08/2020,Reporte,movilidad,"mgg,ogss,damo,eta,smj",movilidad-2020-08-03.pdf,"Medición de Movilidad usando Facebook, Google y Twitter","Se presentan vistas de la movilidad que se refleja en tres redes sociales Facebook, Google y Twitter, para el periodo del 15 de febrero del 2020 al 2 de agosto de 2020"
9,movilidad,88,30/07/2020,Reporte,movilidad,"mgg,ogss,damo,eta,smj",movilidad-2020-07-30.pdf,"Medición de Movilidad usando Facebook, Google y Twitter","Se presentan vistas de la movilidad que se refleja en tres redes sociales Facebook, Google y Twitter, para el periodo del 15 de febrero del 2020 al 23 de julio de 2020"
8,rt,87,29/07/2020,Reporte,rt,"ggf,dirg",CIMAT_EstimacionRTCOVID_200729.pdf,Estimaciones de la Tasa de Reproducción Efectiva Rt de COVID-19 para los Estados y Zonas Metropolitanas de México,Estimaciones de la Tasa de Reproducción Efectiva Rt de COVID-19 para los Estados y Zonas Metropolitanas de México al 15 de julio de 2020
6,gompertz,86,29/07/2020,Reporte,gompertz,"ggf,rrq,dirg",CIMAT_Gompertz_200729.pdf,Estimaciones del Modelo Gompertz para los Estados y Zonas Metropolitanas de México,Estimaciones del Modelo Gompertz para los Estados y Zonas Metropolitanas de México al 15 de julio de 2020
5,ama2,85,24/07/2020,Reporte Modelo AMA-2,ama,"maco,ack,jacg",Reporte AMA-2 2020-07-24.pdf,Modelo AMA-2 Informe,Proyecciones 24 de julio de 2020
9,movilidad,84,27/07/2020,Reporte,movilidad,"mgg,ogss,damo,eta,smj",movilidad-2020-07-27.pdf,"Medición de Movilidad usando Facebook, Google y Twitter","Se presentan vistas de la movilidad que se refleja en tres redes sociales Facebook, Google y Twitter, para el periodo del 15 de febrero del 2020 al 26 de julio de 2020"
9,movilidad,83,24/07/2020,Reporte,movilidad,"mgg,ogss,damo,eta,smj",movilidad-2020-07-24.pdf,"Medición de Movilidad usando Facebook, Google y Twitter","Se presentan vistas de la movilidad que se refleja en tres redes sociales Facebook, Google y Twitter, para el periodo del 15 de febrero del 2020 al 23 de julio de 2020"
8,rt,82,22/07/2020,Reporte,rt,"ggf,dirg",CIMAT_EstimacionRTCOVID_200722.pdf,Estimaciones de la Tasa de Reproducción Efectiva Rt de COVID-19 para los Estados y Zonas Metropolitanas de México,Estimaciones de la Tasa de Reproducción Efectiva Rt de COVID-19 para los Estados y Zonas Metropolitanas de México al 15 de julio de 2020
6,gompertz,81,22/07/2020,Reporte,gompertz,"ggf,rrq,dirg",CIMAT_Gompertz_200722.pdf,Estimaciones del Modelo Gompertz para los Estados y Zonas Metropolitanas de México,Estimaciones del Modelo Gompertz para los Estados y Zonas Metropolitanas de México al 15 de julio de 2020
9,movilidad,80,22/07/2020,Reporte,movilidad,"mgg,ogss,damo,eta,smj",movilidad-2020-07-22.pdf,"Medición de Movilidad usando Facebook, Google y Twitter","Se presentan vistas de la movilidad que se refleja en tres redes sociales Facebook, Google y Twitter, para el periodo del 15 de febrero del 2020 al 21 de julio de 2020"
5,ama2,79,20/07/2020,Reporte Modelo AMA-2,ama,"maco,ack,jacg",Reporte AMA-2 2020-07-20.pdf,Modelo AMA-2 Informe,Proyecciones 19 de julio de 2020
5,ama2,78,10/07/2020,Reporte Modelo AMA-2,ama,"maco,ack,jacg",Reporte AMA-2 2020-07-10.pdf,Modelo AMA-2 Informe,Proyecciones 9 de julio de 2020
9,movilidad,77,20/07/2020,Reporte,movilidad,"mgg,ogss,damo,eta,smj",movilidad-2020-07-20.pdf,"Medición de Movilidad usando Facebook, Google y Twitter","Se presentan vistas de la movilidad que se refleja en tres redes sociales Facebook, Google y Twitter, para el periodo del 15 de febrero del 2020 al 19 de julio de 2020"
8,rt,76,15/07/2020,Reporte,rt,"ggf,dirg",CIMAT_EstimacionRTCOVID19_200715.pdf,Estimaciones de la Tasa de Reproducción Efectiva Rt de COVID-19 para los Estados y Zonas Metropolitanas de México,Estimaciones de la Tasa de Reproducción Efectiva Rt de COVID-19 para los Estados y Zonas Metropolitanas de México al 15 de julio de 2020
9,movilidad,75,17/07/2020,Reporte,movilidad,"mgg,ogss,damo,eta,smj",movilidad-2020-07-17.pdf,"Medición de Movilidad usando Facebook, Google y Twitter","Se presentan vistas de la movilidad que se refleja en tres redes sociales Facebook, Google y Twitter, para el periodo del 15 de febrero del 2020 al 16 de julio de 2020"
6,gompertz,74,15/07/2020,Reporte,gompertz,"ggf,rrq,dirg",CIMAT_Gompertz_200715.pdf,Estimaciones del Modelo Gompertz para los Estados y Zonas Metropolitanas de México,Estimaciones del Modelo Gompertz para los Estados y Zonas Metropolitanas de México al 15 de julio de 2020
9,movilidad,73,16/07/2020,Reporte,movilidad,"mgg,ogss,damo,eta,smj",movilidad-2020-07-16.pdf,"Medición de Movilidad usando Facebook, Google y Twitter","Se presentan vistas de la movilidad que se refleja en tres redes sociales Facebook, Google y Twitter, para el periodo del 15 de febrero del 2020 al 15 de julio de 2020"
0,vulnerabilidad,72,15/07/2020,Reporte,vulnerabilidad_pca_pls,"rsa,ggf,plr",reporte_vulnerabilidad_2020-07-15.pdf,Índice de Vulnerabilidad Municipal a COVID-19,Índice de Vulnerabilidad Municipal PCA PLS a COVID-19
9,movilidad,71,13/07/2020,Reporte,movilidad,"mgg,ogss,damo,eta,smj",movilidad-2020-07-13.pdf,"Medición de Movilidad usando Facebook, Google y Twitter","Se presentan vistas de la movilidad que se refleja en tres redes sociales Facebook, Google y Twitter, para el periodo del 15 de febrero del 2020 al 12 de julio de 2020"
9,movilidad,70,10/07/2020,Reporte,movilidad,"mgg,ogss,damo,eta,smj",movilidad-2020-07-10.pdf,"Medición de Movilidad usando Facebook, Google y Twitter","Se presentan vistas de la movilidad que se refleja en tres redes sociales Facebook, Google y Twitter, para el periodo del 15 de febrero del 2020 al 9 de julio de 2020"
8,rt,69,08/07/2020,Reporte,rt,"ggf,dirg",CIMAT_EstimacionRTCOVID_200708.pdf,Estimaciones de la Tasa de Reproducción Efectiva Rt de COVID-19 para los Estados y Zonas Metropolitanas de México,Estimaciones de la Tasa de Reproducción Efectiva Rt de COVID-19 para los Estados y Zonas Metropolitanas de México al 23 de junio de 2020
6,gompertz,68,08/07/2020,Reporte,gompertz,"ggf,rrq,dirg",CIMAT_Gompertz_200708.pdf,Estimaciones del Modelo Gompertz para los Estados y Zonas Metropolitanas de México,Estimaciones del Modelo Gompertz para los Estados y Zonas Metropolitanas de México al 8 de julio de 2020
9,movilidad,67,07/07/2020,Reporte,movilidad,"mgg,ogss,damo,eta,smj",movilidad-2020-07-07.pdf,"Medición de Movilidad usando Facebook, Google y Twitter","Se presentan vistas de la movilidad que se refleja en tres redes sociales Facebook, Google y Twitter, para el periodo del 15 de febrero del 2020 al 6 de julio de 2020"
9,movilidad,66,06/07/2020,Reporte,movilidad,"mgg,ogss,damo,eta,smj",movilidad-2020-07-06.pdf,"Medición de Movilidad usando Facebook, Google y Twitter","Se presentan vistas de la movilidad que se refleja en tres redes sociales Facebook, Google y Twitter, para el periodo del 15 de febrero del 2020 al 5 de julio de 2020"
5,ama2,65,04/07/2020,Reporte Modelo AMA-2,ama,"maco,ack,jacg",Reporte040720.pdf,Modelo AMA-2 Informe,Proyecciones 04 de julio de 2020
9,movilidad,64,03/07/2020,Reporte,movilidad,"mgg,ogss,damo,eta,smj",movilidad-2020-07-03.pdf,"Medición de Movilidad usando Facebook, Google y Twitter","Se presentan vistas de la movilidad que se refleja en tres redes sociales Facebook, Google y Twitter, para el periodo del 15 de febrero del 2020 al 2 de julio de 2020"
8,rt,63,01/07/2020,Reporte,rt,"ggf,dirg",CIMAT_EstimacionRTCOVID_200701.pdf,Estimaciones de la Tasa de Reproducción Efectiva Rt de COVID-19 para los Estados y Zonas Metropolitanas de México,Estimaciones de la Tasa de Reproducción Efectiva Rt de COVID-19 para los Estados y Zonas Metropolitanas de México al 1 de julio de 2020
8,rt,62,23/06/2020,Reporte,rt,"ggf,dirg",CIMAT_EstimacionRTCOVID19_200623.pdf,Estimaciones de la Tasa de Reproducción Efectiva Rt de COVID-19 para los Estados y Zonas Metropolitanas de México,Estimaciones de la Tasa de Reproducción Efectiva Rt de COVID-19 para los Estados y Zonas Metropolitanas de México al 23 de junio de 2020
6,gompertz,61,01/07/2020,Reporte,gompertz,"ggf,rrq,dirg",CIMAT_Gompertz_200701.pdf,Estimaciones del Modelo Gompertz para los Estados y Zonas Metropolitanas de México,Estimaciones del Modelo Gompertz para los Estados y Zonas Metropolitanas de México al 1 de julio de 2020
5,ama2,60,25/06/2020,Reporte Modelo AMA-2,ama,"maco,ack,jacg",Reporte20200624.pdf,Modelo AMA-2 Informe,Proyecciones 25 de junio de 2020
9,movilidad,59,30/06/2020,Reporte,movilidad,"mgg,ogss,damo,eta,smj",movilidad-2020-06-30.pdf,"Medición de Movilidad usando Facebook, Google y Twitter","Se presentan vistas de la movilidad que se refleja en tres redes sociales Facebook, Google y Twitter, para el periodo del 15 de febrero del 2020 al 25 de junio de 2020"
9,movilidad,58,29/06/2020,Reporte,movilidad,"mgg,ogss,damo,eta,smj",movilidad-2020-06-29.pdf,"Medición de Movilidad usando Facebook, Google y Twitter","Se presentan vistas de la movilidad que se refleja en tres redes sociales Facebook, Google y Twitter, para el periodo del 15 de febrero del 2020 al 25 de junio de 2020"
9,movilidad,57,26/06/2020,Reporte,movilidad,"mgg,ogss,damo,eta,smj",movilidad-2020-06-26.pdf,"Medición de Movilidad usando Facebook, Google y Twitter","Se presentan vistas de la movilidad que se refleja en tres redes sociales Facebook, Google y Twitter, para el periodo del 15 de febrero del 2020 al 25 de junio de 2020"
6,gompertz,56,25/06/2020,Reporte,gompertz,"ggf,rrq,dirg",CIMAT_Gompertz_200624.pdf,Estimaciones del Modelo Gompertz para los Estados y Zonas Metropolitanas de México,Estimaciones del Modelo Gompertz para los Estados y Zonas Metropolitanas de México al 24 de junio de 2020
5,ama2,55,18/06/2020,Reporte Modelo AMA-2,ama,"maco,ack,jacg",Reporte_ama-2_20200618.pdf,Modelo AMA-2 Informe,Proyecciones 18 de junio de 2020
9,movilidad,54,23/06/2020,Reporte,movilidad,"mgg,ogss,damo,eta,smj",movilidad-2020-06-23.pdf,"Medición de Movilidad usando Facebook, Google y Twitter","Se presentan vistas de la movilidad que se refleja en tres redes sociales Facebook, Google y Twitter, para el periodo del 15 de febrero del 2020 al 22 de junio de 2020"
0,vulnerabilidad,53,22/06/2020,Reporte,vulnerabilidad_pca_pls,"rsa,ggf,plr",reporte_vulnerabilidad.pdf,Índice de Vulnerabilidad Municipal a COVID-19,Reporte 1
9,movilidad,52,22/06/2020,Reporte,movilidad,"mgg,ogss,damo,eta,smj",movilidad-2020-06-22.pdf,"Medición de Movilidad usando Facebook, Google y Twitter","Se presentan vistas de la movilidad que se refleja en tres redes sociales Facebook, Google y Twitter, para el periodo del 15 de febrero del 2020 al 21 de junio de 2020"
9,movilidad,51,19/06/2020,Reporte,movilidad,"mgg,ogss,damo,eta,smj",movilidad-2020-06-19.pdf,"Medición de Movilidad usando Facebook, Google y Twitter","Se presentan vistas de la movilidad que se refleja en tres redes sociales Facebook, Google y Twitter, para el periodo del 15 de febrero del 2020 al 18 de junio de 2020"
4,ama,50,18/06/2020,Reporte,ama,"maco,ack,jacg",Reporte-ama-1_20200618.pdf,Modelo AMA Informe,Proyecciones 18 de junio de 2020
8,rt,49,17/06/2020,Reporte,rt,"ggf,dirg",CIMAT_EstimacionRTCOVID_200617.pdf,Estimaciones de la Tasa de Reproducción Efectiva Rt de COVID-19 para los Estados y Zonas Metropolitanas de México,Estimaciones de la Tasa de Reproducción Efectiva Rt de COVID-19 para los Estados y Zonas Metropolitanas de México al 17 de junio de 2020
6,gompertz,48,17/06/2020,Reporte,gompertz,"ggf,rrq,dirg",CIMAT_Gompertz_200617.pdf,Estimaciones del Modelo Gompertz para los Estados y Zonas Metropolitanas de México,Estimaciones del Modelo Gompertz para los Estados y Zonas Metropolitanas de México al 17 junio de 2020
9,movilidad,47,16/06/2020,Reporte,movilidad,"mgg,ogss,damo,eta,smj",movilidad-2020-06-16.pdf,"Medición de Movilidad usando Facebook, Google y Twitter","Se presentan vistas de la movilidad que se refleja en tres redes sociales Facebook, Google y Twitter, para el periodo del 15 de febrero del 2020 al 15 de junio de 2020"
9,movilidad,46,15/06/2020,Reporte,movilidad,"mgg,ogss,damo,eta,smj",movilidad-2020-06-15.pdf,"Medición de Movilidad usando Facebook, Google y Twitter","Se presentan vistas de la movilidad que se refleja en tres redes sociales Facebook, Google y Twitter, para el periodo del 15 de febrero del 2020 al 13 de junio de 2020"
9,movilidad,45,12/06/2020,Reporte,movilidad,"maco,ack,jacg",movilidad-2020-06-12.pdf,"Medición de Movilidad usando Facebook, Google y Twitter","Se presentan vistas de la movilidad que se refleja en tres redes sociales Facebook, Google y Twitter, para el periodo del 15 de febrero del 2020 al 11 de junio del 2020."
4,ama,44,11/06/2020,Reporte,ama,"maco,ack,jacg",Reporte2020_06_11.pdf,Modelo AMA Informe,Proyecciones 11 de junio de 2020
1,retrospectivo,43,07/06/2020,Reporte especial,ama,"maco,ack,jacg",ReporteEspecialRetrospectivo.pdf,Informe Especial Retrospectivo al 2020-04-15,Informe Especial Retrospectivo al 2020-04-15
9,movilidad,42,11/06/2020,Reporte,movilidad,"mgg,ogss,damo,eta,smj",movilidad-2020-06-11.pdf,"Medición de Movilidad usando Facebook, Google y Twitter","Se presentan vistas de la movilidad que se refleja en tres redes sociales Facebook, Google y Twitter, para el periodo del 15 de febrero del 2020 al 10 de junio de 2020"
9,movilidad,41,09/06/2020,Reporte,movilidad,"mgg,ogss,damo,eta,smj",movilidad-2020-06-09.pdf,"Medición de Movilidad usando Facebook, Google y Twitter","Se presentan vistas de la movilidad que se refleja en tres redes sociales Facebook, Google y Twitter, para el periodo del 15 de febrero del 2020 al 9 de junio de 2020"
2,zonametropolitana,40,04/06/2020,Reporte especial,ama,"maco,ack,jacg",Reporte_Especial_ZMVMX.pdf,Informe Especial sobre La ZM del Valle de México,Informe Especial sobre La ZM del Valle de México del 04 de junio de 2020
9,movilidad,39,08/06/2020,Reporte,movilidad,"mgg,ogss,damo,eta,smj",movilidad-2020-06-08.pdf,"Medición de Movilidad usando Facebook, Google y Twitter","Se presentan vistas de la movilidad que se refleja en tres redes sociales Facebook, Google y Twitter, para el periodo del 15 de febrero del 2020 al 8 de junio de 2020"
9,movilidad,38,07/06/2020,Reporte,movilidad,"mgg,ogss,damo,eta,smj",movilidad-2020-06-07.pdf,"Medición de Movilidad usando Facebook, Google y Twitter","Se presentan vistas de la movilidad que se refleja en tres redes sociales Facebook, Google y Twitter, para el periodo del 15 de febrero del 2020 al 7 de junio de 2020"
4,ama,37,04/06/2020,Reporte,ama,"maco,ack,jacg",Reporte2020_06_04.pdf,Modelo AMA Informe,Proyecciones 4 de junio de 2020
8,rt,36,03/06/2020,Reporte,rt,"ggf,dirg",CIMAT_EstimacionRTCOVID_200603.pdf,Estimaciones de la Tasa de Reproducción Efectiva Rt de COVID-19 para los Estados y Zonas Metropolitanas de México,Estimaciones de la Tasa de Reproducción Efectiva Rt de COVID-19 para los Estados y Zonas Metropolitanas de México al 3 de junio de 2020
6,gompertz,35,03/06/2020,Reporte,gompertz,"ggf,rrq,dirg",CIMAT_Gompertz_200603.pdf,Estimaciones del Modelo Gompertz para los Estados y Zonas Metropolitanas de México,Estimaciones del Modelo Gompertz para los Estados y Zonas Metropolitanas de México al 3 junio de 2020
3,forecasting,34,02/06/2020,Preprint,ama,"maco,ack,jacg",200601873.pdf,Forecasting hospital demand during COVID-19 pandemic outbreaks,"We present a compartmental SEIRD model aimed at forecasting hospital occupancy in metropolitan areas during the current COVID-19 outbreak. The model features asymptomatic and symptomatic infections with detailed hospital dynamics. We model explicitly branching probabilities and non exponential residence times in each latent and infected compartments. Using both hospital admittance confirmed cases and deaths we infer the contact rate and the initial conditions of the dynamical system, considering break points to model lockdown interventions."
9,movilidad,33,04/06/2020,Reporte,movilidad,"mgg,ogss,damo,eta,smj",movilidad-2020-06-04.pdf,"Medición de Movilidad usando Facebook, Google y Twitter","Se presentan vistas de la movilidad que se refleja en tres redes sociales Facebook, Google y Twitter, para el periodo del 15 de febrero del 2020 al 1 de junio de 2020"
9,movilidad,32,01/06/2020,Reporte,movilidad,"mgg,ogss,damo,eta,smj",movilidad-2020-06-02.pdf,"Medición de Movilidad usando Facebook, Google y Twitter","Se presentan vistas de la movilidad que se refleja en tres redes sociales Facebook, Google y Twitter, para el periodo del 15 de febrero del 2020 al 1 de junio de 2020"
8,rt,31,27/05/2020,Reporte,rt,"ggf,dirg",CIMAT_EstimacionRtCOVID19_200527.pdf,Estimaciones de la Tasa de Reproducción Efectiva Rt de COVID-19 para los Estados y Zonas Metropolitanas de México,Estimaciones de la Tasa de Reproducción Efectiva Rt de COVID-19 para los Estados y Zonas Metropolitanas de México al 27 de mayo de 2020
9,movilidad,30,31/05/2020,Reporte,movilidad,"mgg,ogss,damo,eta,smj",movilidad-2020-05-31.pdf,"Medición de Movilidad usando Facebook, Google y Twitter","Se presentan vistas de la movilidad que se refleja en tres redes sociales Facebook, Google y Twitter, para el periodo del 15 de febrero del 2020 al 30 de mayo del 2020."
6,gompertz,29,27/05/2020,Reporte,gompertz,"ggf,rrq,dirg",CIMAT_Gompertz_200527.pdf,Estimaciones del Modelo Gompertz para los Estados y Zonas Metropolitanas de México,Estimaciones del Modelo Gompertz para los Estados y Zonas Metropolitanas de México al 27 de mayo de 2020
4,ama,28,29/05/2020,Reporte,ama,"maco,ack,jacg",Reporte20200528.pdf,Modelo AMA Informe,Proyecciones 28 de mayo de 2020
9,movilidad,27,28/05/2020,Reporte,movilidad,"mgg,ogss,damo,eta,smj",movilidad-2020-05-28.pdf,"Medición de Movilidad usando Facebook, Google y Twitter","Se presentan vistas de la movilidad que se refleja en tres redes sociales Facebook, Google y Twitter, para el periodo del 15 de febrero del 2020 al 25 de mayo del 2020."
6,gompertz,26,20/05/2020,Reporte,gompertz,"ggf,rrq,dirg",CIMAT_Gompertz_200520.pdf,Estimaciones del Modelo Gompertz para los Estados y Zonas Metropolitanas de México,Estimaciones del Modelo Gompertz para los Estados y Zonas Metropolitanas de México al 20 de mayo de 2020
9,movilidad,25,26/05/2020,Reporte,movilidad,"mgg,ogss,damo,eta,smj",movilidad-2020-05-26.pdf,"Medición de Movilidad usando Facebook, Google y Twitter","Se presentan vistas de la movilidad que se refleja en tres redes sociales Facebook, Google y Twitter, para el periodo del 15 de febrero del 2020 al 25 de mayo del 2020."
9,movilidad,24,24/05/2020,Reporte,movilidad,"mgg,ogss,damo,eta,smj",movilidad-2020-05-24.pdf,"Medición de Movilidad usando Facebook, Google y Twitter","Se presentan vistas de la movilidad que se refleja en tres redes sociales Facebook, Google y Twitter, para el periodo del 15 de febrero del 2020 al 23 de mayo del 2020."
9,movilidad,23,21/05/2020,Reporte,movilidad,"mgg,ogss,damo,eta,smj",movilidad-2020-05-21.pdf,"Medición de Movilidad usando Facebook, Google y Twitter","Se presentan vistas de la movilidad que se refleja en tres redes sociales Facebook, Google y Twitter, para el periodo del 15 de febrero del 2020 al 20 de mayo del 2020."
9,movilidad,22,20/05/2020,Reporte,movilidad,"mgg,ogss,damo,eta,smj",movilidad-2020-05-20.pdf,"Medición de Movilidad usando Facebook, Google y Twitter","Se presentan vistas de la movilidad que se refleja en tres redes sociales Facebook, Google y Twitter, para el periodo del 15 de febrero del 2020 al 15 de mayo del 2020."
9,movilidad,21,18/05/2020,Reporte,movilidad,"mgg,ogss,damo,eta,smj",movilidad-2020-05-18.pdf,"Medición de Movilidad usando Facebook, Google y Twitter","Se presentan vistas de la movilidad que se refleja en tres redes sociales Facebook, Google y Twitter, para el periodo del 15 de febrero del 2020 al 15 de mayo del 2020."
9,movilidad,20,16/05/2020,Reporte,movilidad,"mgg,ogss,damo,eta,smj",movilidad-2020-05-16.pdf,"Medición de Movilidad usando Facebook, Google y Twitter","Se presentan vistas de la movilidad que se refleja en tres redes sociales Facebook, Google y Twitter, para el periodo del 15 de febrero del 2020 al 15 de mayo del 2020."
9,movilidad,19,14/05/2020,Reporte,movilidad,"mgg,ogss,damo,eta,smj",movilidad-2020-05-14.pdf,"Medición de Movilidad usando Facebook, Google y Twitter","Se presentan vistas de la movilidad que se refleja en tres redes sociales Facebook, Google y Twitter, para el periodo del 15 de febrero del 2020 al 13 de mayo del 2020."
9,movilidad,18,12/05/2020,Reporte,movilidad,"mgg,ogss,damo,eta,smj",movilidad-2020-05-12.pdf,"Medición de Movilidad usando Facebook, Google y Twitter","Se presentan vistas de la movilidad que se refleja en tres redes sociales Facebook, Google y Twitter, para el periodo del 15 de febrero del 2020 al 11 de mayo del 2020."
9,movilidad,17,11/05/2020,Reporte,movilidad,"mgg,ogss,damo,eta,smj",movilidad-2020-05-11.pdf,"Medición de Movilidad usando Facebook, Google y Twitter","Se presentan vistas de la movilidad que se refleja en tres redes sociales Facebook, Google y Twitter, para el periodo del 15 de febrero del 2020 al 10 de mayo del 2020."
9,movilidad,16,08/05/2020,Reporte,movilidad,"mgg,ogss,damo,eta,smj",movilidad-2020-05-08.pdf,"Medición de Movilidad usando Facebook, Google y Twitter","Se presentan vistas de la movilidad que se refleja en tres redes sociales Facebook, Google y Twitter, para el periodo del 15 de febrero del 2020 al 7 de mayo del 2020."
9,movilidad,15,06/05/2020,Reporte,movilidad,"mgg,ogss,damo,eta,smj",movilidad-2020-05-06.pdf,"Medición de Movilidad usando Facebook, Google y Twitter","Se presentan vistas de la movilidad que se refleja en tres redes sociales Facebook, Google y Twitter, para el periodo del 15 de febrero del 2020 al 5 de mayo del 2020."
9,movilidad,14,05/05/2020,Reporte,movilidad,"mgg,ogss,damo,eta,smj",movilidad-2020-05-05.pdf,"Medición de Movilidad usando Facebook, Google y Twitter","Se presentan vistas de la movilidad que se refleja en tres redes sociales Facebook, Google y Twitter, para el periodo del 15 de febrero del 2020 al 4 de mayo del 2020."
9,movilidad,13,04/05/2020,Reporte,movilidad,"mgg,ogss,damo,eta,smj",movilidad-2020-05-04.pdf,"Medición de Movilidad usando Facebook, Google y Twitter","Se presentan vistas de la movilidad que se refleja en tres redes sociales Facebook, Google y Twitter, para el periodo del 15 de febrero del 2020 al 3 de mayo del 2020."
9,movilidad,12,01/05/2020,Reporte,movilidad,"mgg,ogss,damo,eta,smj",movilidad-2020-05-01.pdf,"Medición de Movilidad usando Facebook, Google y Twitter","Se presentan vistas de la movilidad que se refleja en dos redes sociales Google y Twitter, para el periodo del 15 de febrero del 2020 al 29 de abril del 2020."
9,movilidad,11,30/04/2020,Reporte,movilidad,"mgg,ogss,damo,eta,smj",movilidad-2020-04-30.pdf,"Medición de Movilidad usando Facebook, Google y Twitter","Se presentan vistas de la movilidad que se refleja en dos redes sociales Google y Twitter, para el periodo del 15 de febrero del 2020 al 29 de abril del 2020."
9,movilidad,10,28/04/2020,Reporte,movilidad,"mgg,ogss,damo,eta,smj",movilidad-2020-04-28.pdf,"Medición de Movilidad usando Facebook, Google y Twitter","Se presentan vistas de la movilidad que se refleja en dos redes sociales Google y Twitter, para el periodo del 11 de febrero del 2020 al 27 de abril del 2020."
9,movilidad,9,24/04/2020,Reporte,movilidad,"mgg,ogss,damo,eta,smj",movilidad-2020-04-24.pdf,"Medición de Movilidad usando Facebook, Google y Twitter","Se presentan vistas de la movilidad que se refleja en tres redes sociales Facebook, Twitter y Google, para el periodo del 11 de febrero del 2020 al 23 de abril del 2020."
9,movilidad,8,14/04/2020,Reporte,movilidad,"mgg,ogss,damo,eta,smj",movilidad-2020-04-14.pdf,"Medición de Movilidad usando Facebook, Google y Twitter","Se presentan dos vistas de la movilidad que se refleja en dos redes sociales Facebook y Twitter, para el periodo del 2 de abril al 12 de abril del 2020 y del 21 de enero del 2020 al 13 de abril del 2020, respectivamente."
4,ama,7,21/05/2020,Reporte,ama,"maco,ack,jacg",20200521.pdf,Modelo AMA Informe,Proyecciones 21 de mayo de 2020
4,ama,6,14/05/2020,Reporte,ama,"maco,ack,jacg",20200514.pdf,Modelo AMA Informe,Proyecciones 15 de mayo de 2020
4,ama,5,07/05/2020,Reporte,ama,"maco,ack,jacg",20200507.pdf,Modelo AMA Informe,Proyecciones 7 de mayo de 2020
4,ama,4,04/05/2020,Reporte,ama,"maco,ack,jacg",20200504.pdf,Modelo AMA Informe,Proyecciones 4 de mayo de 2020
4,ama,3,29/04/2020,Reporte,ama,"maco,ack,jacg",20200429.pdf,Modelo AMA Informe,Proyecciones 29 de abril de 2020
4,ama,2,27/04/2020,Reporte,ama,"maco,ack,jacg",20200427.pdf,Modelo AMA Informe,Proyecciones 27 de abril de 2020
4,ama,1,26/04/2020,Reporte,ama,"maco,ack,jacg",20200426.pdf,Modelo AMA Informe,Proyecciones 26 de abril de 2020
