id,nombre,ama,gompertz,abrev,obs_ama,obs_gz
0101,Aguascalientes,Aguascalientes,Aguascalientes,,,
0201,Ensenada,Ensenada,Ensenada,,,
0202,Mexicali,Mexicali,Mexicali,,,
0203,Tijuana,Tijuana,Tijuana,,,
0301,La Paz,La Paz,La Paz,,,
0401,Campeche,Campeche,Campeche,,,
0501,La Laguna,La Laguna,La Laguna,,,
0502,Monclova-Frontera,Monclova-Frontera,Monclova-Frontera,,,
0503,Piedras Negras,Piedras Negras,Piedras Negras,,,
0504,Saltillo,Saltillo,Saltillo,,,
0601,Colima-Villa de Álvarez,Colima-Villa de Álvarez,Colima-Villa de Álvarez,,,
0602,Tecomán,Tecomán,Tecomán,,,
0701,Tapachula,Tapachula,Tapachula,,,
0702,Tuxtla Gutiérrez,Tuxtla Gutiérrez,Tuxtla Gutiérrez,,,
0801,Chihuahua,Chihuahua,Chihuahua,,,
0802,Delicias,Delicias,Delicias,,,
0803,Hidalgo del Parral,Hidalgo del Parral,Hidalgo del Parral,,,
0804,Juárez,Juárez,Juárez,,,
0901,Valle de México,Valle de México,Valle de México,,,
1001,Durango,Durango,Durango,,,
1101,Celaya,Celaya,Celaya,,,
1102,Guanajuato,Guanajuato,Guanajuato,,,
1103,León,León,León,,,
1104,Moroleón-Uriangato,Moroleón-Uriangato,Moroleón-Uriangato,,,
1105,San Francisco del Rincón,San Francisco del Rincón,San Francisco del Rincón,,,
1201,Acapulco,Acapulco,Acapulco,,,
1202,Chilpancingo,Chilpancingo,Chilpancingo,,,
1301,Pachuca,Pachuca,Pachuca,,,
1302,Tula,Tula,Tula,,,
1303,Tulancingo,Tulancingo,Tulancingo,,,
1401,Guadalajara,Guadalajara,Guadalajara,,,
1402,Ocotlán,Ocotlán,Ocotlán,,,
1403,Puerto Vallarta,Puerto Vallarta,Puerto Vallarta,,,
1501,Tianguistenco,Tianguistenco,Tianguistenco,,,
1502,Toluca,Toluca,Toluca,,,
1601,La Piedad-Pénjamo,La Piedad-Pénjamo,La Piedad-Pénjamo,,,
1602,Morelia,Morelia,Morelia,,,
1603,Zamora,Zamora,Zamora,,,
1701,Cuautla,Cuautla,Cuautla,,,
1702,Cuernavaca,Cuernavaca,Cuernavaca,,,
1801,Tepic,Tepic,Tepic,,,
1901,Monterrey,Monterrey,Monterrey,,,
2001,Oaxaca,Oaxaca,Oaxaca,,,
2002,Tehuantepec,Tehuantepec,Tehuantepec,,,
2101,Puebla-Tlaxcala,Puebla-Tlaxcala,Puebla,,,
2102,Tehuacán,Tehuacán,Tehuacán,,,
2103,Teziutlán,Teziutlán,Teziutlán,,,
2201,Querétaro,Querétaro,Querétaro,,,
2301,Cancún,Cancún,Cancún,,,
2302,Chetumal,Chetumal,Chetumal,,,
2401,Rioverde,Rioverde,Rioverde,,,
2402,San Luis Potosí,San Luis Potosí,San Luis Potosí,,,
2501,Culiacán,Culiacán,Culiacán,,,
2502,Mazatlán,Mazatlán,Mazatlán,,,
2601,Guaymas,Guaymas,Guaymas,,,
2602,Hermosillo,Hermosillo,Hermosillo,,,
2603,Nogales,Nogales,Nogales,,,
2701,Villahermosa,Villahermosa,Villahermosa,,,
2801,Ciudad Victoria,Ciudad Victoria,Ciudad Victoria,,,
2802,Matamoros,Matamoros,Matamoros,,,
2803,Nuevo Laredo,Nuevo Laredo,Nuevo Laredo,,,
2804,Reynosa,Reynosa,Reynosa,,,
2805,Tampico,Tampico,Tampico,,,
2901,Tlaxcala-Apizaco,Tlaxcala-Apizaco,Tlaxcala-Apizaco,,,
3001,Acayucan,Acayucan,Acayucan,,,
3002,Coatzacoalcos,Coatzacoalcos,Coatzacoalcos,,,
3003,Córdoba,Córdoba,Córdoba,,,
3004,Minatitlán,Minatitlán,Minatitlán,,,
3005,Orizaba,Orizaba,Orizaba,,,
3006,Poza Rica,Poza Rica,Poza Rica,,,
3007,Veracruz,Veracruz,Veracruz,,,
3008,Xalapa,Xalapa,Xalapa,,,
3101,Mérida,Mérida,Mérida,,,
3201,Zacatecas-Guadalupe,Zacatecas-Guadalupe,Zacatecas-Guadalupe,,,
